Date,BTC,ETH,DOGE
10/1/2013,123.65499,,
10/2/2013,125.455,,
10/3/2013,108.58483,,
10/4/2013,118.67466,,
10/5/2013,121.33866,,
10/6/2013,120.65533,,
10/7/2013,121.795,,
10/8/2013,123.033,,
10/9/2013,124.049,,
10/10/2013,125.96116,,
10/11/2013,125.27966,,
10/12/2013,125.9275,,
10/13/2013,126.38333,,
10/14/2013,135.24199,,
10/15/2013,133.20333,,
10/16/2013,142.76333,,
10/17/2013,137.92333,,
10/18/2013,142.95166,,
10/19/2013,152.55183,,
10/20/2013,160.33883,,
10/21/2013,164.31499,,
10/22/2013,177.63333,,
10/23/2013,188.29716,,
10/24/2013,200.70166,,
10/25/2013,180.355,,
10/26/2013,175.03166,,
10/27/2013,177.6965,,
10/28/2013,187.15983,,
10/29/2013,192.75666,,
10/30/2013,197.4,,
10/31/2013,196.02499,,
11/1/2013,198.04883,,
11/2/2013,198.93233,,
11/3/2013,200.543,,
11/4/2013,210.3075,,
11/5/2013,225.02,,
11/6/2013,248.25333,,
11/7/2013,262.32666,,
11/8/2013,294.48699,,
11/9/2013,331.10325,,
11/10/2013,285.8875,,
11/11/2013,304.97974,,
11/12/2013,338.137,,
11/13/2013,357.48,,
11/14/2013,402.954,,
11/15/2013,409.10375,,
11/16/2013,420.21649,,
11/17/2013,437.29725,,
11/18/2013,510.6025,,
11/19/2013,693.65,,
11/20/2013,531.54249,,
11/21/2013,574.71599,,
11/22/2013,681.33,,
11/23/2013,774.18,,
11/24/2013,746.19374,,
11/25/2013,768.8475,,
11/26/2013,789.36475,,
11/27/2013,893.1815,,
11/28/2013,934.355,,
11/29/2013,1068.363,,
11/30/2013,1154.92593,,
12/1/2013,1099.51926,,
12/2/2013,1019.78966,,
12/3/2013,1028.845,,
12/4/2013,1071.2848,,
12/5/2013,1139.33083,,
12/6/2013,1004.61633,,
12/7/2013,759.43041,,
12/8/2013,689.81,,
12/9/2013,841.83966,,
12/10/2013,916.77599,,
12/11/2013,967.42866,,
12/12/2013,866.29003,,
12/13/2013,911.23204,,
12/14/2013,889.81946,,
12/15/2013,848.9975,,
12/16/2013,868.95316,,
12/17/2013,653.80483,,
12/18/2013,654.06266,,
12/19/2013,553.69166,,
12/20/2013,693.05883,,
12/21/2013,649.38965,,
12/22/2013,595.95883,,
12/23/2013,647.68316,,
12/24/2013,671.58116,,
12/25/2013,659.84333,,
12/26/2013,702.00083,,
12/27/2013,758.01016,,
12/28/2013,734.01166,,
12/29/2013,717.92623,,
12/30/2013,752.82022,,
12/31/2013,744.17249,,
1/1/2014,768.40783,,
1/2/2014,769.09849,,
1/3/2014,804.02719,,
1/4/2014,813.31748,,
1/5/2014,871.11583,,
1/6/2014,970.65083,,
1/7/2014,962.46447,,
1/8/2014,855.75933,,
1/9/2014,860.84166,,
1/10/2014,847.5325,,
1/11/2014,892.26115,,
1/12/2014,916.69666,,
1/13/2014,873.27168,,
1/14/2014,863.69888,,
1/15/2014,853.25666,,
1/16/2014,874.07416,,
1/17/2014,842.19173,,
1/18/2014,834.86666,,
1/19/2014,838.42916,,
1/20/2014,881.87583,,
1/21/2014,873.28916,,
1/22/2014,874.13266,,
1/23/2014,864.56116,,
1/24/2014,838.14997,,
1/25/2014,834.57416,,
1/26/2014,858.12641,,
1/27/2014,887.08337,,
1/28/2014,830.53133,,
1/29/2014,832.89496,,
1/30/2014,832.87399,,
1/31/2014,841.48914,,
2/1/2014,847.36383,,
2/2/2014,854.7225,,
2/3/2014,856.03366,,
2/4/2014,847.70697,,
2/5/2014,844.28836,,
2/6/2014,802.75333,,
2/7/2014,748.43559,,
2/8/2014,692.66914,,
2/9/2014,668.86463,,
2/10/2014,700.44843,,
2/11/2014,694.3125,,
2/12/2014,665.7975,,
2/13/2014,645.615,,
2/14/2014,578.4125,,
2/15/2014,641.91,,
2/16/2014,656.2725,,
2/17/2014,611.04499,,
2/18/2014,634.99,,
2/19/2014,618.79,,
2/20/2014,619.8425,,
2/21/2014,545.7625,,
2/22/2014,561.535,,
2/23/2014,622.22,,
2/24/2014,572.7675,,
2/25/2014,501.155,,
2/26/2014,550.6025,,
2/27/2014,573.1025,,
2/28/2014,567.2925,,
3/1/2014,551.73,,
3/2/2014,560.195,,
3/3/2014,567.7,,
3/4/2014,666.1475,,
3/5/2014,660.84,,
3/6/2014,662.0225,,
3/7/2014,651.285,,
3/8/2014,612.33,,
3/9/2014,611.1625,,
3/10/2014,637.615,,
3/11/2014,626,,
3/12/2014,633.74749,,
3/13/2014,631.755,,
3/14/2014,636.41414,,
3/15/2014,628.18751,,
3/16/2014,632.95333,,
3/17/2014,630.34833,,
3/18/2014,617.24333,,
3/19/2014,616.86665,,
3/20/2014,601.015,,
3/21/2014,581.33333,,
3/22/2014,570.36168,,
3/23/2014,562.95333,,
3/24/2014,557.16833,,
3/25/2014,573.34998,,
3/26/2014,572.49161,,
3/27/2014,570.54833,,
3/28/2014,509.70665,,
3/29/2014,499.24998,,
3/30/2014,486.80845,,
3/31/2014,472.4783,,
4/1/2014,464.88,,
4/2/2014,480.16581,,
4/3/2014,427.87498,,
4/4/2014,432.99716,,
4/5/2014,453.87148,,
4/6/2014,462.445,,
4/7/2014,456.46948,,
4/8/2014,452.81,,
4/9/2014,450.48083,,
4/10/2014,426.98333,,
4/11/2014,374.59166,,
4/12/2014,438.24666,,
4/13/2014,423.51566,,
4/14/2014,409.03166,,
4/15/2014,455.28316,,
4/16/2014,517.09666,,
4/17/2014,522.455,,
4/18/2014,490.8785,,
4/19/2014,469.38332,,
4/20/2014,507.80663,,
4/21/2014,505.09665,,
4/22/2014,497.65001,,
4/23/2014,487.84,,
4/24/2014,487.11333,,
4/25/2014,469.08816,,
4/26/2014,448.77834,,
4/27/2014,452.14829,,
4/28/2014,426.78166,,
4/29/2014,432.60498,,
4/30/2014,444.85668,,
5/1/2014,454.55666,,
5/2/2014,453.59833,,
5/3/2014,441.97833,,
5/4/2014,438.29035,,
5/5/2014,432.78748,,
5/6/2014,418.61831,,
5/7/2014,428.42593,,
5/8/2014,442.57666,,
5/9/2014,439.04,,
5/10/2014,449.04333,,
5/11/2014,449.74166,,
5/12/2014,434.27,,
5/13/2014,437,,
5/14/2014,438.88,,
5/15/2014,445.045,,
5/16/2014,443.18,,
5/17/2014,445.60666,,
5/18/2014,445.15666,,
5/19/2014,444.73833,,
5/20/2014,455.65333,,
5/21/2014,489.86999,,
5/22/2014,490.18666,,
5/23/2014,522.31,,
5/24/2014,512.30833,,
5/25/2014,533.92999,,
5/26/2014,579.59333,,
5/27/2014,581.51,,
5/28/2014,572.44833,,
5/29/2014,562.4,,
5/30/2014,571.845,,
5/31/2014,612.12666,,
6/1/2014,638.16333,,
6/2/2014,634.98333,,
6/3/2014,660.24666,,
6/4/2014,627.79833,,
6/5/2014,642.89166,,
6/6/2014,652.52666,,
6/7/2014,648.60166,,
6/8/2014,652.59166,,
6/9/2014,652.11,,
6/10/2014,644.085,,
6/11/2014,642.00666,,
6/12/2014,632.55,,
6/13/2014,585.48333,,
6/14/2014,588.52333,,
6/15/2014,570.28833,,
6/16/2014,589.06666,,
6/17/2014,592.25666,,
6/18/2014,610.41333,,
6/19/2014,601.88666,,
6/20/2014,594.09333,,
6/21/2014,582.04499,,
6/22/2014,599.57,,
6/23/2014,592.405,,
6/24/2014,584.64166,,
6/25/2014,575.905,,
6/26/2014,571.76666,,
6/27/2014,582.43166,,
6/28/2014,597.66833,,
6/29/2014,598.73333,,
6/30/2014,597.51333,,
7/1/2014,647.12249,,
7/2/2014,637.85625,,
7/3/2014,642.65125,,
7/4/2014,643.95124,,
7/5/2014,628.41625,,
7/6/2014,631.03,,
7/7/2014,631.29875,,
7/8/2014,621.24249,,
7/9/2014,620.72,,
7/10/2014,621.3075,,
7/11/2014,616.83124,,
7/12/2014,634.35749,,
7/13/2014,627.69,,
7/14/2014,621.42499,,
7/15/2014,618.73875,,
7/16/2014,619.8075,,
7/17/2014,614.68875,,
7/18/2014,623.49749,,
7/19/2014,623.99625,,
7/20/2014,623.00625,,
7/21/2014,617.96124,,
7/22/2014,622.10749,,
7/23/2014,618.4475,,
7/24/2014,617.6875,,
7/25/2014,602.93125,,
7/26/2014,597.585,,
7/27/2014,592.96375,,
7/28/2014,580.11,,
7/29/2014,585.44875,,
7/30/2014,580.5175,,
7/31/2014,564.57,,
8/1/2014,583.39,,
8/2/2014,593.80625,,
8/3/2014,581.52,,
8/4/2014,585.80125,,
8/5/2014,582.33375,,
8/6/2014,582.52125,,
8/7/2014,583.62375,,
8/8/2014,595.80875,,
8/9/2014,585.39625,,
8/10/2014,586.05875,,
8/11/2014,588.7525,,
8/12/2014,566.31625,,
8/13/2014,565.55125,,
8/14/2014,534.54,,
8/15/2014,511.4725,,
8/16/2014,487.56625,,
8/17/2014,516.62625,,
8/18/2014,489.4675,,
8/19/2014,455.91625,,
8/20/2014,472.91,,
8/21/2014,519.015,,
8/22/2014,508.12875,,
8/23/2014,507.51,,
8/24/2014,501.63125,,
8/25/2014,503.32125,,
8/26/2014,504.62625,,
8/27/2014,513.39125,,
8/28/2014,514.62375,,
8/29/2014,506.025,,
8/30/2014,504.70625,,
8/31/2014,502.055,,
9/1/2014,474.5425,,
9/2/2014,477.98375,,
9/3/2014,476.88375,,
9/4/2014,475.65,,
9/5/2014,485.65125,,
9/6/2014,480.9075,,
9/7/2014,481.88375,,
9/8/2014,473.58625,,
9/9/2014,468.5775,,
9/10/2014,474.29125,,
9/11/2014,479.4175,,
9/12/2014,473.6725,,
9/13/2014,471.5325,,
9/14/2014,475.37875,,
9/15/2014,475.02125,,
9/16/2014,471.08375,,
9/17/2014,464.55375,,
9/18/2014,449.95875,,
9/19/2014,425.4475,,
9/20/2014,410.08,,
9/21/2014,405.79625,,
9/22/2014,399.0975,,
9/23/2014,399.5025,,
9/24/2014,427.8125,,
9/25/2014,416.12,,
9/26/2014,410.15,,
9/27/2014,403.4975,,
9/28/2014,398.84,,
9/29/2014,377.97875,,
9/30/2014,376.08375,,
10/1/2014,387.94,,
10/2/2014,381.7475,,
10/3/2014,372.0575,,
10/4/2014,360.7525,,
10/5/2014,335.98125,,
10/6/2014,308.07875,,
10/7/2014,337.23375,,
10/8/2014,326.2325,,
10/9/2014,351.34625,,
10/10/2014,368.59625,,
10/11/2014,359.2025,,
10/12/2014,356.99875,,
10/13/2014,371.15625,,
10/14/2014,392.7825,,
10/15/2014,396.34625,,
10/16/2014,392.56625,,
10/17/2014,376.26875,,
10/18/2014,378.675,,
10/19/2014,390.95875,,
10/20/2014,381.72375,,
10/21/2014,380.0575,,
10/22/2014,382.93875,,
10/23/2014,376.59,,
10/24/2014,351.7825,,
10/25/2014,353.6325,,
10/26/2014,345.1925,,
10/27/2014,350.9775,,
10/28/2014,349.79625,,
10/29/2014,348.9025,,
10/30/2014,335.53625,,
10/31/2014,343.55875,,
11/1/2014,338.0105,,
11/2/2014,325.22633,,
11/3/2014,331.60083,,
11/4/2014,324.71833,,
11/5/2014,332.45666,,
11/6/2014,336.585,,
11/7/2014,346.775,,
11/8/2014,344.81166,,
11/9/2014,343.065,,
11/10/2014,358.50166,,
11/11/2014,368.07666,,
11/12/2014,376.99666,,
11/13/2014,442.10666,,
11/14/2014,389.00333,,
11/15/2014,394.92666,,
11/16/2014,377.08,,
11/17/2014,400.47166,,
11/18/2014,384.93,,
11/19/2014,375.83333,,
11/20/2014,376.16,,
11/21/2014,348.565,,
11/22/2014,352.42,,
11/23/2014,356.8,,
11/24/2014,367.83,,
11/25/2014,381.20666,,
11/26/2014,375.498,,
11/27/2014,372.819,,
11/28/2014,368.983,,
11/29/2014,375.44,,
11/30/2014,376.851,,
12/1/2014,376.13218,,
12/2/2014,377.862,,
12/3/2014,382.452,,
12/4/2014,376.382,,
12/5/2014,368.3618,,
12/6/2014,373.414,,
12/7/2014,373.744,,
12/8/2014,373.155,,
12/9/2014,357.884,,
12/10/2014,348.898,,
12/11/2014,341.041,,
12/12/2014,348.272,,
12/13/2014,346.742,,
12/14/2014,347.348,,
12/15/2014,348.674,,
12/16/2014,338.547,,
12/17/2014,330.536,,
12/18/2014,317.405,,
12/19/2014,306.45999,,
12/20/2014,319.196,,
12/21/2014,321.89299,,
12/22/2014,320.03499,,
12/23/2014,328.701,,
12/24/2014,332.053,,
12/25/2014,321.386,,
12/26/2014,318.563,,
12/27/2014,320.868,,
12/28/2014,316.009,,
12/29/2014,315.64,,
12/30/2014,313.994,,
12/31/2014,309.903,,
1/1/2015,317.204,,
1/2/2015,314.49899,,
1/3/2015,311.14099,,
1/4/2015,277.853,,
1/5/2015,270.813,,
1/6/2015,272.0175,,
1/7/2015,283.84125,,
1/8/2015,290.485,,
1/9/2015,281.03625,,
1/10/2015,286.688,,
1/11/2015,277.64999,,
1/12/2015,268.10199,,
1/13/2015,243.081,,
1/14/2015,219.128,,
1/15/2015,193.3511,,
1/16/2015,220.5745,,
1/17/2015,209.1655,,
1/18/2015,195.59467,,
1/19/2015,212.2711,,
1/20/2015,211.5401,,
1/21/2015,212.28249,,
1/22/2015,230.6754,,
1/23/2015,226.30419,,
1/24/2015,231.4242,,
1/25/2015,251.606,,
1/26/2015,283.59769,,
1/27/2015,258.5374,,
1/28/2015,257.447,,
1/29/2015,235.948,,
1/30/2015,233.141,,
1/31/2015,226.94116,,
2/1/2015,216.66066,,
2/2/2015,229.80441,,
2/3/2015,237.65175,,
2/4/2015,225.83858,,
2/5/2015,226.554,,
2/6/2015,219.75625,,
2/7/2015,225.46666,,
2/8/2015,225.73291,,
2/9/2015,222.78408,,
2/10/2015,220.16725,,
2/11/2015,223.00366,,
2/12/2015,218.72833,,
2/13/2015,223.96716,,
2/14/2015,237.65716,,
2/15/2015,256.21758,,
2/16/2015,230.1355,,
2/17/2015,235.71275,,
2/18/2015,242.93183,,
2/19/2015,237.1035,,
2/20/2015,241.07183,,
2/21/2015,245.70566,,
2/22/2015,245.145,,
2/23/2015,235.14141,,
2/24/2015,238.93183,,
2/25/2015,238.15225,,
2/26/2015,235.67716,,
2/27/2015,251.28908,,
2/28/2015,251.03416,,
3/1/2015,251.9314,,
3/2/2015,258.8485,,
3/3/2015,270.7625,,
3/4/2015,278.1172,,
3/5/2015,269.2606,,
3/6/2015,274.8977,,
3/7/2015,270.86109,,
3/8/2015,276.72789,,
3/9/2015,277.98519,,
3/10/2015,294.1886,,
3/11/2015,289.7149,,
3/12/2015,292.8678,,
3/13/2015,293.224,,
3/14/2015,282.644,,
3/15/2015,283.0809,,
3/16/2015,290.61579,,
3/17/2015,290.542,,
3/18/2015,283.7507,,
3/19/2015,252.44789,,
3/20/2015,263.4741,,
3/21/2015,259.913,,
3/22/2015,259.3943,,
3/23/2015,267.5549,,
3/24/2015,265.273,,
3/25/2015,246.6733,,
3/26/2015,245.6489,,
3/27/2015,246.5497,,
3/28/2015,248.4467,,
3/29/2015,246.728,,
3/30/2015,245.1133,,
3/31/2015,247.2639,,
4/1/2015,243.3028,,
4/2/2015,246.96,,
4/3/2015,252.0578,,
4/4/2015,253.4334,,
4/5/2015,252.0256,,
4/6/2015,260.3589,,
4/7/2015,252.0909,,
4/8/2015,252.8629,,
4/9/2015,244.0449,,
4/10/2015,240.9478,,
4/11/2015,236.4388,,
4/12/2015,236.5542,,
4/13/2015,235.522,,
4/14/2015,222.6009,,
4/15/2015,220.9126,,
4/16/2015,226.0171,,
4/17/2015,227.9255,,
4/18/2015,223.317,,
4/19/2015,223.4062,,
4/20/2015,223.9214,,
4/21/2015,224.9815,,
4/22/2015,235.50369,,
4/23/2015,234.15749,,
4/24/2015,233.40079,,
4/25/2015,228.92379,,
4/26/2015,219.94549,,
4/27/2015,219.19029,,
4/28/2015,227.3867,,
4/29/2015,225.3545,,
4/30/2015,225.9976,,
5/1/2015,236.6827,,
5/2/2015,233.8511,,
5/3/2015,236.2378,,
5/4/2015,240.3646,,
5/5/2015,235.6033,,
5/6/2015,235.6017,,
5/7/2015,230.4207,,
5/8/2015,237.059,,
5/9/2015,244.6989,,
5/10/2015,241.516,,
5/11/2015,239.4036,,
5/12/2015,240.00079,,
5/13/2015,241.3529,,
5/14/2015,235.5478,,
5/15/2015,237.5737,,
5/16/2015,236.657,,
5/17/2015,236.339,,
5/18/2015,236.2319,,
5/19/2015,233.3119,,
5/20/2015,232.7193,,
5/21/2015,234.204,,
5/22/2015,235.86329,,
5/23/2015,240.1588,,
5/24/2015,239.7985,,
5/25/2015,240.9415,,
5/26/2015,237.6588,,
5/27/2015,237.1844,,
5/28/2015,237.6708,,
5/29/2015,237.2277,,
5/30/2015,236.1404,,
5/31/2015,233.3328,,
6/1/2015,230.8331,,
6/2/2015,223.415,,
6/3/2015,226.6168,,
6/4/2015,225.444,,
6/5/2015,223.9665,,
6/6/2015,224.2525,,
6/7/2015,225.8403,,
6/8/2015,223.69459,,
6/9/2015,228.1884,,
6/10/2015,229.2025,,
6/11/2015,229.9599,,
6/12/2015,229.9082,,
6/13/2015,230.6695,,
6/14/2015,233.1445,,
6/15/2015,234.7473,,
6/16/2015,237.39899,,
6/17/2015,248.7435,,
6/18/2015,247.2359,,
6/19/2015,249.0733,,
6/20/2015,240.7897,,
6/21/2015,244.15625,,
6/22/2015,244.9588,,
6/23/2015,247.1273,,
6/24/2015,243.371,,
6/25/2015,240.9204,,
6/26/2015,242.31912,,
6/27/2015,242.28812,,
6/28/2015,250.382,,
6/29/2015,249.42725,,
6/30/2015,258.38549,,
7/1/2015,261.71749,,
7/2/2015,259.62937,,
7/3/2015,255.52675,,
7/4/2015,253.87887,,
7/5/2015,261.42899,,
7/6/2015,267.60762,,
7/7/2015,270.07587,,
7/8/2015,264.356,,
7/9/2015,267.943,,
7/10/2015,269.24925,,
7/11/2015,286.53662,,
7/12/2015,301.03837,,
7/13/2015,304.9905,,
7/14/2015,290.93137,,
7/15/2015,288.48787,,
7/16/2015,287.55762,,
7/17/2015,276.97924,,
7/18/2015,278.33337,,
7/19/2015,275.30687,,
7/20/2015,274.28387,,
7/21/2015,279.45925,,
7/22/2015,274.87242,,
7/23/2015,276.2095,,
7/24/2015,276.24491,,
7/25/2015,287.55583,,
7/26/2015,287.83983,,
7/27/2015,291.20091,,
7/28/2015,293.15058,,
7/29/2015,292.99425,,
7/30/2015,288.61658,,
7/31/2015,286.74491,,
8/1/2015,282.33741,,
8/2/2015,278.68258,,
8/3/2015,279.48591,,
8/4/2015,283.49091,,
8/5/2015,284.24366,,
8/6/2015,280.9375,,
8/7/2015,275.92866,,
8/8/2015,278.2765,,
8/9/2015,261.75225,0.909046,
8/10/2015,265.0825,0.692321,
8/11/2015,264.87516,0.668067,
8/12/2015,270.22325,0.850151,
8/13/2015,264.14299,1.266023,
8/14/2015,262.01758,1.95146,
8/15/2015,265.3955,1.591219,
8/16/2015,261.20058,1.693707,
8/17/2015,258.0065,1.423244,
8/18/2015,256.44841,1.199595,
8/19/2015,230.38424,1.182837,
8/20/2015,232.06483,1.279549,
8/21/2015,234.56375,1.447462,
8/22/2015,233.03691,1.36656,
8/23/2015,231.21275,1.320872,
8/24/2015,227.23233,1.374641,
8/25/2015,203.18133,1.209496,
8/26/2015,219.81583,1.054577,
8/27/2015,224.53608,1.182596,
8/28/2015,224.18875,1.15499,
8/29/2015,230.93575,1.18735,
8/30/2015,230.58541,1.129976,
8/31/2015,227.18083,1.254864,
9/1/2015,229.02966,1.334005,
9/2/2015,226.28841,1.327498,
9/3/2015,228.35299,1.293887,
9/4/2015,227.14741,1.277428,
9/5/2015,229.66691,1.272847,
9/6/2015,240.70116,1.350303,
9/7/2015,239.88,1.283866,
9/8/2015,242.01891,1.273887,
9/9/2015,244.31383,1.22715,
9/10/2015,237.99466,1.21412,
9/11/2015,240.56366,1.133807,
9/12/2015,239.81675,0.99657,
9/13/2015,235.053,1.057922,
9/14/2015,229.15808,0.943382,
9/15/2015,230.51091,0.895974,
9/16/2015,230.98066,0.953877,
9/17/2015,229.58975,0.908822,
9/18/2015,233.2385,0.8584,
9/19/2015,232.50008,0.852294,
9/20/2015,231.33733,0.876125,
9/21/2015,230.75433,0.9786,
9/22/2015,227.79358,0.903632,
9/23/2015,231.30983,0.902332,
9/24/2015,231.09508,0.882362,
9/25/2015,233.74475,0.823158,
9/26/2015,234.92466,0.71822,
9/27/2015,234.32908,0.786708,
9/28/2015,237.21116,0.673928,
9/29/2015,238.56625,0.587136,
9/30/2015,238.06125,0.663342,
10/1/2015,237.15191,0.74342,
10/2/2015,238.06358,0.683352,
10/3/2015,237.63516,0.673569,
10/4/2015,238.99883,0.704391,
10/5/2015,238.82433,0.674765,
10/6/2015,240.63075,0.611915,
10/7/2015,246.49633,0.627348,
10/8/2015,244.49816,0.597617,
10/9/2015,243.25675,0.647476,
10/10/2015,244.96533,0.639178,
10/11/2015,245.07,0.622336,
10/12/2015,247.65041,0.630986,
10/13/2015,244.57641,0.615958,
10/14/2015,249.45908,0.580101,
10/15/2015,254.64216,0.520789,
10/16/2015,255.72741,0.55132,
10/17/2015,267.53983,0.523356,
10/18/2015,270.04041,0.549124,
10/19/2015,264.98625,0.518259,
10/20/2015,264.92575,0.490581,
10/21/2015,270.49541,0.490282,
10/22/2015,267.46908,0.428394,
10/23/2015,274.25325,0.561577,
10/24/2015,279.97908,0.543105,
10/25/2015,286.86941,0.555001,
10/26/2015,284.286,0.626306,
10/27/2015,287.83091,0.810927,
10/28/2015,300.53566,0.847653,
10/29/2015,304.32691,0.96149,
10/30/2015,326.55691,1.25408,
10/31/2015,327.58425,0.9483,
11/1/2015,311.70274,0.913563,
11/2/2015,325.64666,1.068958,
11/3/2015,369.51133,0.964695,
11/4/2015,432.46133,1.018074,
11/5/2015,434.31683,0.926706,
11/6/2015,359.586,0.878713,
11/7/2015,377.64099,0.916739,
11/8/2015,387.775,0.933398,
11/9/2015,370.652,1.080845,
11/10/2015,376.948,0.989914,
11/11/2015,311.702,0.854742,
11/12/2015,320.036,0.784963,
11/13/2015,337.893,0.898162,
11/14/2015,334.125,0.904045,
11/15/2015,333.951,0.89712,
11/16/2015,320.06,0.938097,
11/17/2015,337.759,0.917747,
11/18/2015,333.33299,0.970144,
11/19/2015,334.02499,0.991469,
11/20/2015,315.63099,0.93856,
11/21/2015,321.482,0.934916,
11/22/2015,326.365,0.976503,
11/23/2015,322.606,0.987436,
11/24/2015,320.993,0.943054,
11/25/2015,318.337,0.894563,
11/26/2015,332.471,0.85455,
11/27/2015,349.138,0.895359,
11/28/2015,354.954,0.889247,
11/29/2015,356.806,0.919118,
11/30/2015,375.204,0.862868,
12/1/2015,377.798,0.864777,
12/2/2015,352.128,0.84846,
12/3/2015,366.788,0.818644,
12/4/2015,358.443,0.831416,
12/5/2015,369.956,0.834368,
12/6/2015,394.861,0.862831,
12/7/2015,391.618,0.840918,
12/8/2015,395.59299,0.793856,
12/9/2015,421.424,0.802668,
12/10/2015,415.076,0.7904,
12/11/2015,421.813,0.831718,
12/12/2015,467.831,0.957485,
12/13/2015,435.091,0.970127,
12/14/2015,437.021,0.983037,
12/15/2015,453.676,0.992982,
12/16/2015,445.805,0.976204,
12/17/2015,451.102,0.980235,
12/18/2015,456.425,0.909203,
12/19/2015,464.218,0.902221,
12/20/2015,460.238,0.906143,
12/21/2015,435.64099,0.909542,
12/22/2015,438.276,0.891691,
12/23/2015,437.994,0.860184,
12/24/2015,456.572,0.85239,
12/25/2015,455.743,0.859723,
12/26/2015,447.606,0.85956,
12/27/2015,419.338,0.872795,
12/28/2015,427.817,0.87006,
12/29/2015,422.741,0.845619,
12/30/2015,431.029,0.875728,
12/31/2015,424.962,0.959113,
1/1/2016,432.358,0.939963,
1/2/2016,433.773,0.954338,
1/3/2016,431.985,0.946475,
1/4/2016,431.691,0.964273,
1/5/2016,433.732,0.9592,
1/6/2016,427.164,0.945187,
1/7/2016,441.021,0.954133,
1/8/2016,457.168,0.971532,
1/9/2016,452.368,0.973215,
1/10/2016,445.327,0.976544,
1/11/2016,450.312,1.054485,
1/12/2016,446.614,1.066742,
1/13/2016,431.156,1.123385,
1/14/2016,431.41,1.137388,
1/15/2016,416.29,1.214603,
1/16/2016,372.737,1.218812,
1/17/2016,383.138,1.22759,
1/18/2016,380.817,1.404201,
1/19/2016,382.738,1.414796,
1/20/2016,378.775,1.381008,
1/21/2016,417.439,1.570498,
1/22/2016,403.271,1.507437,
1/23/2016,388.219,1.629212,
1/24/2016,388.538,2.198391,
1/25/2016,397.885,2.191263,
1/26/2016,390.715,2.671689,
1/27/2016,392.389,2.463335,
1/28/2016,381.356,2.363919,
1/29/2016,369.133,2.54387,
1/30/2016,376.952,2.540141,
1/31/2016,378.174,2.476824,
2/1/2016,372.157,2.19333,
2/2/2016,372.453,2.144291,
2/3/2016,372.762,2.35222,
2/4/2016,370.433,2.449304,
2/5/2016,386.954,2.54249,
2/6/2016,377.889,2.524713,
2/7/2016,376.44,2.568608,
2/8/2016,376.924,2.965984,
2/9/2016,372.434,3.171354,
2/10/2016,374.764,4.274951,
2/11/2016,379.186,4.471621,
2/12/2016,378.576,6.552829,
2/13/2016,388.87,5.329095,
2/14/2016,397.23,4.767885,
2/15/2016,405.621,5.741672,
2/16/2016,401.663,5.323951,
2/17/2016,407.017,4.399924,
2/18/2016,417.492,3.635079,
2/19/2016,421.956,4.73599,
2/20/2016,422.054,4.471239,
2/21/2016,439.61,4.243621,
2/22/2016,436.14,5.100212,
2/23/2016,438.745,5.772068,
2/24/2016,419.896,5.544,
2/25/2016,422.617,6.141016,
2/26/2016,421.244,5.893572,
2/27/2016,433.401,6.026489,
2/28/2016,425.502,6.343376,
2/29/2016,438.28,6.558609,
3/1/2016,436.426,6.414685,
3/2/2016,434.001,7.552274,
3/3/2016,419.254,8.512542,
3/4/2016,421.597,8.569114,
3/5/2016,407.722,10.161934,
3/6/2016,397.883,11.30321,
3/7/2016,407.276,10.786501,
3/8/2016,414.213,8.773093,
3/9/2016,410.739,10.288869,
3/10/2016,411.672,12.111201,
3/11/2016,416.708,10.831474,
3/12/2016,415.04,12.772452,
3/13/2016,411.637,14.080665,
3/14/2016,414.208,12.828765,
3/15/2016,416.034,12.03913,
3/16/2016,414.167,13.150548,
3/17/2016,417.138,12.405536,
3/18/2016,417.154,11.021445,
3/19/2016,407.473,10.611342,
3/20/2016,409.24,10.694646,
3/21/2016,407.496,10.68432,
3/22/2016,415.125,11.548473,
3/23/2016,417.318,11.535684,
3/24/2016,415.837,11.88883,
3/25/2016,414.75699,10.717539,
3/26/2016,416.851,10.95367,
3/27/2016,416.233,10.798301,
3/28/2016,424.297,11.298643,
3/29/2016,423.597,11.361113,
3/30/2016,414.613,11.620024,
3/31/2016,414.458,11.906417,
4/1/2016,416.012,11.657835,
4/2/2016,418.785,11.465972,
4/3/2016,418.93999,11.537668,
4/4/2016,418.593,11.638093,
4/5/2016,422.044,10.865302,
4/6/2016,422.29499,10.45508,
4/7/2016,420.553,10.660057,
4/8/2016,421.616,10.264577,
4/9/2016,415.751,9.960003,
4/10/2016,418.078,9.03829,
4/11/2016,421.192,8.809607,
4/12/2016,426.383,8.088833,
4/13/2016,426.84399,7.098819,
4/14/2016,425.494,8.365123,
4/15/2016,426.279,8.35775,
4/16/2016,429.775,8.246231,
4/17/2016,430.453,9.132143,
4/18/2016,429.318,9.279722,
4/19/2016,428.522,9.096884,
4/20/2016,435.926,8.596728,
4/21/2016,443.758,8.483955,
4/22/2016,446.776,8.262633,
4/23/2016,447.233,7.88495,
4/24/2016,455.152,8.475849,
4/25/2016,458.626,8.061256,
4/26/2016,464.429,7.46844,
4/27/2016,466.064,7.444989,
4/28/2016,441.304,7.54001,
4/29/2016,446.236,7.462268,
4/30/2016,454.375,7.646307,
5/1/2016,449.108,8.684684,
5/2/2016,453.067,9.069084,
5/3/2016,443.681,9.818807,
5/4/2016,449.157,9.48813,
5/5/2016,447.73999,9.4005,
5/6/2016,447.58599,9.920161,
5/7/2016,458.864,9.320362,
5/8/2016,459.937,9.248766,
5/9/2016,458.708,9.398316,
5/10/2016,460.954,9.409434,
5/11/2016,454.39399,9.482134,
5/12/2016,451.155,9.872727,
5/13/2016,453.701,10.386921,
5/14/2016,456.039,10.283427,
5/15/2016,456.093,10.418331,
5/16/2016,457.64099,10.221577,
5/17/2016,454.278,11.300386,
5/18/2016,454.064,12.671507,
5/19/2016,453.494,13.309152,
5/20/2016,440.231,14.566127,
5/21/2016,442.953,13.095667,
5/22/2016,442.892,13.721357,
5/23/2016,440.551,14.153041,
5/24/2016,444.489,13.415642,
5/25/2016,447.035,12.531584,
5/26/2016,448.278,12.8516,
5/27/2016,467.262,11.297005,
5/28/2016,489.847,10.602814,
5/29/2016,516.051,11.973384,
5/30/2016,529.917,12.302019,
5/31/2016,537.23299,12.696851,
6/1/2016,528.04999,13.89002,
6/2/2016,538.568,13.630606,
6/3/2016,537.185,13.826359,
6/4/2016,571.139,13.619672,
6/5/2016,579.343,13.637499,
6/6/2016,578.84899,13.753011,
6/7/2016,585.399,13.943334,
6/8/2016,576.226,14.655687,
6/9/2016,580.43599,14.466797,
6/10/2016,574.953,14.200965,
6/11/2016,583.87,13.8645,
6/12/2016,633.205,14.301974,
6/13/2016,682.226,15.441725,
6/14/2016,695.155,17.99626,
6/15/2016,685.442,18.396721,
6/16/2016,732.357,18.661962,
6/17/2016,773.25,21.2794,
6/18/2016,736.386,14.262145,
6/19/2016,747.831,12.721143,
6/20/2016,758.903,12.250261,
6/21/2016,702.696,11.174118,
6/22/2016,657.013,14.95764,
6/23/2016,581.249,13.107161,
6/24/2016,657.08999,13.665296,
6/25/2016,687.168,14.569529,
6/26/2016,657.22399,14.209372,
6/27/2016,644.091,13.931138,
6/28/2016,655.94399,13.886,
6/29/2016,634.357,11.915406,
6/30/2016,635.093,12.494312,
7/1/2016,683.293,12.374262,
7/2/2016,678.567,12.179126,
7/3/2016,690.179,12.086667,
7/4/2016,670.741,11.78207,
7/5/2016,679.351,11.359705,
7/6/2016,676.872,10.326753,
7/7/2016,671.814,10.13188,
7/8/2016,640.476,10.048061,
7/9/2016,654.85299,10.901109,
7/10/2016,649.356,10.823896,
7/11/2016,656.747,11.047635,
7/12/2016,648.136,10.457758,
7/13/2016,663.443,10.515661,
7/14/2016,654.018,10.881305,
7/15/2016,663.638,11.885718,
7/16/2016,666.56499,11.951451,
7/17/2016,665.113,11.561825,
7/18/2016,681.239,11.411313,
7/19/2016,673.832,11.139944,
7/20/2016,673.008,11.735039,
7/21/2016,662.034,12.376475,
7/22/2016,666.747,12.553567,
7/23/2016,654.725,14.502578,
7/24/2016,654.895,14.190763,
7/25/2016,660.284,13.385314,
7/26/2016,655.418,13.618806,
7/27/2016,650.82899,12.393433,
7/28/2016,656.91599,12.844266,
7/29/2016,655.427,12.73773,
7/30/2016,656.681,12.733222,
7/31/2016,635.588,12.377607,
8/1/2016,621.37299,11.78049,
8/2/2016,601.227,10.646814,
8/3/2016,555.926,9.429077,
8/4/2016,578.52374,10.563403,
8/5/2016,570.33875,10.900653,
8/6/2016,574.87375,10.793019,
8/7/2016,588.51625,10.904812,
8/8/2016,589.66125,11.134518,
8/9/2016,586.715,11.367989,
8/10/2016,585.23875,12.579432,
8/11/2016,594.81625,12.098701,
8/12/2016,581.9625,11.651671,
8/13/2016,584.87375,11.759793,
8/14/2016,581.65,11.533494,
8/15/2016,571.9625,11.250161,
8/16/2016,567.60749,11.082952,
8/17/2016,575.54125,11.021117,
8/18/2016,572.37249,10.836692,
8/19/2016,573.01625,10.723738,
8/20/2016,573.08,10.974623,
8/21/2016,581.35375,11.117599,
8/22/2016,579.6675,11.168643,
8/23/2016,585.5075,11.244944,
8/24/2016,577.98749,11.101393,
8/25/2016,574.5825,11.11745,
8/26/2016,575.0625,11.427117,
8/27/2016,575.3425,11.191805,
8/28/2016,568.78875,11.077814,
8/29/2016,574.49749,10.836503,
8/30/2016,571.94125,11.053865,
8/31/2016,573.78125,11.218456,
9/1/2016,572.96,12.080199,
9/2/2016,570.1,12.086755,
9/3/2016,572.52125,12.334285,
9/4/2016,596.45375,11.722517,
9/5/2016,606.0525,11.809063,
9/6/2016,604.465,11.685958,
9/7/2016,609.4325,11.705249,
9/8/2016,613.67499,11.612994,
9/9/2016,623.6,11.567017,
9/10/2016,620.59875,11.76883,
9/11/2016,622.03375,12.171771,
9/12/2016,604.8275,11.779397,
9/13/2016,607.03625,12.017102,
9/14/2016,606.885,12.034831,
9/15/2016,606.8975,12.137046,
9/16/2016,605.52125,11.981109,
9/17/2016,606.04625,12.523064,
9/18/2016,605.08,12.739668,
9/19/2016,609.37249,12.820767,
9/20/2016,606.7175,13.433515,
9/21/2016,595.93375,14.243642,
9/22/2016,596.225,13.41168,
9/23/2016,595.0175,13.143369,
9/24/2016,602.4075,13.198914,
9/25/2016,601.36875,13.069967,
9/26/2016,598.9075,12.8951,
9/27/2016,605.0175,12.95477,
9/28/2016,602.885,13.43472,
9/29/2016,603.58124,13.261939,
9/30/2016,604.52125,13.042521,
10/1/2016,610.58375,13.166937,
10/2/2016,613.23749,13.164201,
10/3/2016,611.88874,13.168065,
10/4/2016,609.495,13.456315,
10/5/2016,608.125,13.278997,
10/6/2016,610.57,13.095678,
10/7/2016,610.23375,12.947742,
10/8/2016,617.445,12.641213,
10/9/2016,614.59625,12.254665,
10/10/2016,615.91625,11.951233,
10/11/2016,618.3275,12.135368,
10/12/2016,637.21624,11.74605,
10/13/2016,637.73625,11.74605,
10/14/2016,635.88375,11.74605,
10/15/2016,638.975,11.74605,
10/16/2016,638.605,11.74605,
10/17/2016,636.635,11.74605,
10/18/2016,637.01625,11.74605,
10/19/2016,634.605,11.74605,
10/20/2016,626.36875,11.74605,
10/21/2016,629.61249,11.74605,
10/22/2016,630.61875,11.74605,
10/23/2016,650.895,11.74605,
10/24/2016,647.69375,11.74605,
10/25/2016,652.235,11.7933,
10/26/2016,657.05625,11.519947,
10/27/2016,684.3775,11.449855,
10/28/2016,684.2975,11.545675,
10/29/2016,700.135,11.173315,
10/30/2016,704.91,10.53241,
10/31/2016,693.89625,11.436444,
11/1/2016,708.955,10.675513,
11/2/2016,725.6925,10.945551,
11/3/2016,741.84875,10.842992,
11/4/2016,701.21875,10.961917,
11/5/2016,702.175,11.017137,
11/6/2016,705.47875,11.16351,
11/7/2016,705.47125,10.967567,
11/8/2016,706.13375,10.954777,
11/9/2016,728.36125,10.461869,
11/10/2016,719.2525,10.667821,
11/11/2016,714.57125,10.435038,
11/12/2016,715.7725,10.137763,
11/13/2016,694.72125,10.118149,
11/14/2016,704.62125,10.190739,
11/15/2016,711.39625,9.899728,
11/16/2016,710.9275,10.286643,
11/17/2016,745.92625,10.043273,
11/18/2016,738.665,9.966889,
11/19/2016,748.8075,9.660631,
11/20/2016,752.5525,9.629214,
11/21/2016,730.365,9.60881,
11/22/2016,734.84,9.868597,
11/23/2016,745.97875,9.776321,
11/24/2016,739.81875,9.729471,
11/25/2016,730.3125,9.28811,
11/26/2016,737.4025,9.341233,
11/27/2016,727.445,9.224529,
11/28/2016,731.9,8.826192,
11/29/2016,731.12625,8.453786,
11/30/2016,731.64,8.263665,
12/1/2016,744.1025,8.527776,
12/2/2016,766.5925,8.171604,
12/3/2016,769.915,7.970143,
12/4/2016,764.3575,7.817933,
12/5/2016,760.1,7.529515,
12/6/2016,754.82625,6.717527,
12/7/2016,758.35375,7.531045,
12/8/2016,763.23625,8.473844,
12/9/2016,766.8725,8.20362,
12/10/2016,773.2825,8.458332,
12/11/2016,765.9525,8.119684,
12/12/2016,769.8275,8.182465,
12/13/2016,774.38625,8.42452,
12/14/2016,778.35625,8.394537,
12/15/2016,776.9825,8.195936,
12/16/2016,776.415,7.836525,
12/17/2016,786.9725,7.709642,
12/18/2016,789.24625,7.813304,
12/19/2016,791,7.735086,
12/20/2016,789.2325,7.601047,
12/21/2016,805.79625,7.675313,
12/22/2016,842.63875,7.569866,
12/23/2016,910.9325,7.601819,
12/24/2016,910.2475,7.221961,
12/25/2016,870.13125,7.256569,
12/26/2016,905.45625,7.260191,
12/27/2016,900.36625,7.303933,
12/28/2016,948.89875,7.235181,
12/29/2016,971.645,8.111114,
12/30/2016,954.84375,8.36334,
12/31/2016,952.455,8.013868,
1/1/2017,964.325,8.437012,
1/2/2017,1009.97375,8.212046,
1/3/2017,1028.33375,8.332855,
1/4/2017,1047.09999,10.435576,
1/5/2017,1140.385,11.445979,
1/6/2017,985.93875,9.956588,
1/7/2017,837.83625,9.737254,
1/8/2017,923.52375,10.001896,
1/9/2017,889.33875,10.266545,
1/10/2017,905.22625,10.485289,
1/11/2017,910.60625,10.696117,
1/12/2017,772.66125,9.401194,
1/13/2017,784.89375,9.487749,
1/14/2017,820.68875,9.598883,
1/15/2017,821.19625,9.702505,
1/16/2017,830.74,9.663497,
1/17/2017,848.58125,9.786222,
1/18/2017,890.29375,10.333692,
1/19/2017,888.0625,10.225847,
1/20/2017,896.16375,10.500874,
1/21/2017,920.58875,10.66865,
1/22/2017,934.7775,10.9639,
1/23/2017,920.365,10.684885,
1/24/2017,912.2125,10.699035,
1/25/2017,898.55,10.524163,
1/26/2017,901.05,10.505382,
1/27/2017,912.84375,10.455241,
1/28/2017,919.795,10.483953,
1/29/2017,920.82875,10.519501,
1/30/2017,916.91125,10.40558,
1/31/2017,921.35125,10.510549,
2/1/2017,973.065,10.710514,
2/2/2017,982.8275,10.49782,
2/3/2017,1020.09,10.663947,
2/4/2017,1011.215,11.240959,
2/5/2017,1029.40124,11.27786,
2/6/2017,1019.3125,11.217052,
2/7/2017,1029.40875,11.331469,
2/8/2017,1067.70875,11.505409,
2/9/2017,1072.205,11.403079,
2/10/2017,974.95875,10.905312,
2/11/2017,997.2275,11.21991,
2/12/2017,1004.71375,11.299272,
2/13/2017,1004.85375,11.280685,
2/14/2017,994.58,11.894969,
2/15/2017,1003.59,12.681755,
2/16/2017,1018.41125,12.70062,
2/17/2017,1038.86625,12.784189,
2/18/2017,1058.315,12.909267,
2/19/2017,1052.84375,12.886819,
2/20/2017,1046.66249,12.830235,
2/21/2017,1079.5825,12.562646,
2/22/2017,1112.86375,12.782024,
2/23/2017,1122.515,12.71811,
2/24/2017,1193.501,13.098521,
2/25/2017,1182.429,13.194061,
2/26/2017,1139.848,13.573991,
2/27/2017,1189.366,14.706219,
2/28/2017,1189.94699,15.863437,
3/1/2017,1193.611,15.76128,
3/2/2017,1221.05,17.289049,
3/3/2017,1269.776,20.235485,
3/4/2017,1285.376,19.911787,
3/5/2017,1260.668,18.920662,
3/6/2017,1273.24699,19.109602,
3/7/2017,1280.30499,19.342467,
3/8/2017,1206.357,18.002569,
3/9/2017,1153.06,16.932387,
3/10/2017,1200.557,18.03119,
3/11/2017,1147.625,18.952377,
3/12/2017,1186.351,21.648475,
3/13/2017,1235.553,24.637882,
3/14/2017,1242.806,28.039033,
3/15/2017,1245.892,28.521178,
3/16/2017,1247.67099,39.544387,
3/17/2017,1126.08199,47.540183,
3/18/2017,1062.07,43.563357,
3/19/2017,1000.24599,37.976973,
3/20/2017,1036.226,42.356981,
3/21/2017,1065.481,43.451302,
3/22/2017,1091.333,42.450104,
3/23/2017,1036.099,41.088518,
3/24/2017,1013.844,42.984147,
3/25/2017,921.808,50.379989,
3/26/2017,962.508,50.365804,
3/27/2017,968.293,51.413317,
3/28/2017,1035.32199,49.081083,
3/29/2017,1011.969,52.407958,
3/30/2017,1041.374,52.695111,
3/31/2017,1048.86299,49.745082,
4/1/2017,1077.557,49.781778,
4/2/2017,1082.37,50.422021,
4/3/2017,1140.037,44.27212,
4/4/2017,1148.092,43.743146,
4/5/2017,1139.86,45.50185,
4/6/2017,1150.685,44.820806,
4/7/2017,1177.284,44.30351,
4/8/2017,1196.896,44.339554,
4/9/2017,1187.03299,44.005367,
4/10/2017,1213.801,44.090094,
4/11/2017,1206.74,44.376748,
4/12/2017,1226.896,44.060944,
4/13/2017,1216.269,49.137396,
4/14/2017,1187.136,49.104656,
4/15/2017,1186.10899,48.229629,
4/16/2017,1189.55,49.721216,
4/17/2017,1184.2,49.213228,
4/18/2017,1211.73799,50.192121,
4/19/2017,1218.666,52.337063,
4/20/2017,1227.981,49.91781,
4/21/2017,1261.702,51.986983,
4/22/2017,1255.25125,51.278525,
4/23/2017,1232.7575,52.635354,
4/24/2017,1243.43,53.604876,
4/25/2017,1251.5775,53.330552,
4/26/2017,1269.69625,53.917308,
4/27/2017,1289.7475,57.55117,
4/28/2017,1335.825,69.292865,
4/29/2017,1319.7,74.292294,
4/30/2017,1311.58874,75.037031,
5/1/2017,1370.79,86.099496,
5/2/2017,1416.61,84.480807,
5/3/2017,1448.88625,82.511277,
5/4/2017,1506.7725,86.292093,
5/5/2017,1543.31,99.979653,
5/6/2017,1536.1525,94.44738,
5/7/2017,1554.6025,95.440527,
5/8/2017,1564.065,92.249991,
5/9/2017,1644.72875,87.142343,
5/10/2017,1695.83125,89.864235,
5/11/2017,1748.35375,88.322378,
5/12/2017,1774.52,90.112081,
5/13/2017,1634.6075,86.622737,
5/14/2017,1774.805,90.033173,
5/15/2017,1747.04375,90.694035,
5/16/2017,1665.0325,92.590657,
5/17/2017,1744.44125,89.577718,
5/18/2017,1796.89625,91.339332,
5/19/2017,1913.13875,108.274908,
5/20/2017,1983.97875,127.267172,
5/21/2017,2074.69625,124.900392,
5/22/2017,2114.98875,148.333874,
5/23/2017,2196.66874,159.999428,
5/24/2017,2348.55249,175.471684,
5/25/2017,2581.85375,187.826425,
5/26/2017,2460.95375,176.35396,
5/27/2017,2232.2875,144.838435,
5/28/2017,2234.83374,164.135585,
5/29/2017,2195.785,158.999202,
5/30/2017,2315.73625,196.869683,
5/31/2017,2170.98124,216.577291,
6/1/2017,2402.125,221.219432,
6/2/2017,2477.1725,219.461977,
6/3/2017,2475.2975,216.890385,
6/4/2017,2526.31125,224.549544,
6/5/2017,2605.125,241.675036,
6/6/2017,2855.03,251.874861,
6/7/2017,2900.8525,261.79265,
6/8/2017,2737.9025,250.930389,
6/9/2017,2826.03875,258.637335,
6/10/2017,2846.00625,284.500258,
6/11/2017,2910.33625,336.070318,
6/12/2017,3007.0125,343.417647,
6/13/2017,2697.0775,373.624676,
6/14/2017,2780.1825,382.221369,
6/15/2017,2518.54875,332.25862,
6/16/2017,2438.61749,325.530517,
6/17/2017,2520.78375,340.834591,
6/18/2017,2680.1025,371.631992,
6/19/2017,2611.67999,358.41611,
6/20/2017,2667.5475,364.690598,
6/21/2017,2805.0975,348.365734,
6/22/2017,2702.00375,312.417589,
6/23/2017,2763.29125,324.634294,
6/24/2017,2740.5925,324.955093,
6/25/2017,2598.15875,295.433814,
6/26/2017,2630.59499,283.581248,
6/27/2017,2513.42999,253.886743,
6/28/2017,2556.1675,272.763187,
6/29/2017,2591.2675,311.237618,
6/30/2017,2547.3225,288.277201,
7/1/2017,2479.05499,265.081169,
7/2/2017,2424.69875,246.574977,
7/3/2017,2513.74125,272.3068,
7/4/2017,2640.06125,279.09903,
7/5/2017,2588.67875,267.070981,
7/6/2017,2634.17375,264.97838,
7/7/2017,2598.57,261.923616,
7/8/2017,2514.3625,237.417595,
7/9/2017,2586.0425,246.154278,
7/10/2017,2524.12624,233.466663,
7/11/2017,2352.265,190.299095,
7/12/2017,2292.91375,185.848756,
7/13/2017,2437.55375,223.207956,
7/14/2017,2337.67875,197.906611,
7/15/2017,2109.37375,186.126286,
7/16/2017,2045.5725,168.194937,
7/17/2017,1986.9425,165.270026,
7/18/2017,2189.23999,180.626926,
7/19/2017,2354.8925,224.075703,
7/20/2017,2349.355,211.168405,
7/21/2017,2740.56875,227.759647,
7/22/2017,2738.775,221.32264,
7/23/2017,2831.67875,231.845107,
7/24/2017,2772.3675,227.009216,
7/25/2017,2768.8025,223.985269,
7/26/2017,2540.20874,198.355377,
7/27/2017,2570.195,201.962879,
7/28/2017,2699.72125,200.045871,
7/29/2017,2719.69,200.045871,
7/30/2017,2714.70375,202.356029,
7/31/2017,2718.6175,194.967731,
8/1/2017,2867.65375,209.020204,
8/2/2017,2739.70875,226.21304,
8/3/2017,2740.07125,218.789061,
8/4/2017,2811.71,225.307634,
8/5/2017,3123.41125,226.980461,
8/6/2017,3254.71,258.638867,
8/7/2017,3274.6375,266.935567,
8/8/2017,3474.7625,272.195838,
8/9/2017,3416.185,315.197193,
8/10/2017,3364.41125,292.309764,
8/11/2017,3451.8525,301.244641,
8/12/2017,3705.43,312.508364,
8/13/2017,4104.015,299.769888,
8/14/2017,4036.7575,300.184169,
8/15/2017,4462.67625,291.731738,
8/16/2017,4118.9025,286.240462,
8/17/2017,4322.42125,300.231413,
8/18/2017,4311.685,300.26119,
8/19/2017,4180.23875,300.26119,
8/20/2017,4139.38125,300.26119,
8/21/2017,4110.94125,321.648698,
8/22/2017,3911.27625,323.718591,
8/23/2017,4162.79249,324.079054,
8/24/2017,4178.75625,329.219,
8/25/2017,4396.03125,328.344,
8/26/2017,4359.9025,333.282815,
8/27/2017,4381.39625,345.424365,
8/28/2017,4340.46,349.155544,
8/29/2017,4442.6575,373.224,
8/30/2017,4664.64375,380.711,
8/31/2017,4676.1425,393.598029,
9/1/2017,4783.17,380.195042,
9/2/2017,4864.285,351.142,
9/3/2017,4672.56875,340.967,
9/4/2017,4593.1825,278.695779,
9/5/2017,4160.535,325.847,
9/6/2017,4517.57,327.608852,
9/7/2017,4543.1025,330.423336,
9/8/2017,4628.6025,298.551691,
9/9/2017,4280.975,285.779,
9/10/2017,4194.21875,307.004387,
9/11/2017,4307.82625,303.14889,
9/12/2017,4295.76124,275.953343,
9/13/2017,3944.58375,269.499271,
9/14/2017,3817.0575,234.476,
9/15/2017,3358.10875,261.416097,
9/16/2017,3772.68375,250.673679,
9/17/2017,3608.595,275.071,
9/18/2017,3764.6175,289.487554,
9/19/2017,3976.3875,281.741,
9/20/2017,3863.18625,280.857901,
9/21/2017,3827.685,265.706093,
9/22/2017,3690.99125,262.581067,
9/23/2017,3612.1625,294.103129,
9/24/2017,3772.8475,286.041,
9/25/2017,3753.435,293.588732,
9/26/2017,3920.99125,289.988,
9/27/2017,3939.515,308.083549,
9/28/2017,4220.28,280.586093,
9/29/2017,4062.20375,295.748,
9/30/2017,4207.825,299.745244,
10/1/2017,4300.55125,300.724,
10/2/2017,4414.1775,300.062,
10/3/2017,4424.4725,292.847181,
10/4/2017,4307.555,289.300806,
10/5/2017,4186.78374,295.510772,
10/6/2017,4325.23625,309.599509,
10/7/2017,4370.16875,311.17,
10/8/2017,4446.17249,305.448397,
10/9/2017,4624.34875,297.253365,
10/10/2017,4789.30125,301.203155,
10/11/2017,4741.70875,307.345873,
10/12/2017,4858.60499,301.993368,
10/13/2017,5728.5475,340.097,
10/14/2017,5666.97875,337.745026,
10/15/2017,5779.07375,333.52,
10/16/2017,5607.01,328.230574,
10/17/2017,5643.55375,307.068,
10/18/2017,5495.03875,312.490756,
10/19/2017,5627.08625,307.136835,
10/20/2017,5686.52625,301.047,
10/21/2017,6098.115,303.938,
10/22/2017,5949.07875,293.715,
10/23/2017,5969.795,301.668,
10/24/2017,5649.005,293.334,
10/25/2017,5550.85875,298.362,
10/26/2017,5776.87875,297.538,
10/27/2017,5923.70625,295.573,
10/28/2017,5737.1025,298.196,
10/29/2017,5741.7225,307.502,
10/30/2017,6151.325,308.991,
10/31/2017,6130.56375,304.109,
11/1/2017,6424.515,288.606,
11/2/2017,6879.365,288.383,
11/3/2017,7199.2375,297.047,
11/4/2017,7210.46875,300.013,
11/5/2017,7376.7425,293.717,
11/6/2017,7231.93,300.794,
11/7/2017,7123.89375,297.076,
11/8/2017,7356.50625,311.094,
11/9/2017,7342.82375,320.091,
11/10/2017,7250.77,303.473,
11/11/2017,6773.695,310.175,
11/12/2017,6075.30125,313.839,
11/13/2017,5969.13,320.717,
11/14/2017,6666.27125,336.541,
11/15/2017,6867.42625,329.881,
11/16/2017,7259.3,331.429,
11/17/2017,7924.1825,330.418,
11/18/2017,7598.2775,348.659,
11/19/2017,7787.45625,357.437,
11/20/2017,7954.7675,353.267,
11/21/2017,7879.06,363.873,
11/22/2017,8150.6325,380.117,
11/23/2017,8208.75375,412.698,
11/24/2017,8094.445,468.032,
11/25/2017,8190.87125,458.239,
11/26/2017,8851.305,485.869,
11/27/2017,9573.9675,481.476,
11/28/2017,9713.09625,487.591,
11/29/2017,10295.6225,461.168,
11/30/2017,10542.6625,442.01,
12/1/2017,9706.10375,462.452,
12/2/2017,10923.20125,465.248,
12/3/2017,10973.54375,468.909,
12/4/2017,11382.20875,466.939,
12/5/2017,11597.23125,451.526,
12/6/2017,12230.365,438.609,
12/7/2017,13734.52,430.981,
12/8/2017,16403.42125,472.516,
12/9/2017,15732.1,436.93,
12/10/2017,13152.52875,460.265,
12/11/2017,16299.2975,533.388,
12/12/2017,16374.8975,613.891,
12/13/2017,16678.28749,752.374,
12/14/2017,16246.13875,667.289,
12/15/2017,17221.65125,701.215,
12/16/2017,17436.5975,725.283,
12/17/2017,19166.97874,715.512,
12/18/2017,18640.2625,826.545,
12/19/2017,18984.7675,803.122,
12/20/2017,16862.57125,869.818,
12/21/2017,16925.0175,729.609,
12/22/2017,14182.46499,729.407,
12/23/2017,14694.5825,677.993,
12/24/2017,14103.21875,750.11,
12/25/2017,13387.34875,771.967,
12/26/2017,14652.3675,783.7,
12/27/2017,15846.07375,739.085,
12/28/2017,14362.40375,754.482,
12/29/2017,14867.5725,705.097,
12/30/2017,13643.695,719.827,
12/31/2017,13062.145,761.079,
1/1/2018,13439.4175,865.012,
1/2/2018,13337.62125,884.858,
1/3/2018,14881.545,947.321,
1/4/2018,15104.45,1038.38,
1/5/2018,14953.8525,1012.87,
1/6/2018,16576.69625,1086.05,
1/7/2018,16735.10625,1261.41,
1/8/2018,15632.41125,1219.73,
1/9/2018,15242.93625,1405.21,
1/10/2018,14122.825,1149.06,
1/11/2018,13269.5975,1205.84,
1/12/2018,13633.36375,1299.95,
1/13/2018,14165.90625,1358.78,
1/14/2018,14217.3625,1345.07,
1/15/2018,13519.92625,1244.83,
1/16/2018,12915.11625,987.103,
1/17/2018,10870.16875,1004.16,
1/18/2018,11340.65,1025.69,
1/19/2018,11137.36875,1076.94,
1/20/2018,11742.94125,1126.83,
1/21/2018,12486.06625,1069.17,
1/22/2018,11508.62,996.166,
1/23/2018,10872.9025,970.868,
1/24/2018,10830.9275,1088.43,
1/25/2018,11629.375,1066.74,
1/26/2018,11524.345,1057.04,
1/27/2018,11005.615,1147.66,
1/28/2018,11452.23,1222.23,
1/29/2018,11412.79375,1160.35,
1/30/2018,10917.15125,1066.72,
1/31/2018,9914.4725,1143.47,
2/1/2018,9970.30875,956.065,
2/2/2018,8715.59499,881.151,
2/3/2018,8285.50124,952.92,
2/4/2018,9192.045,834.563,
2/5/2018,8136.39,597.362,
2/6/2018,6332.37,748.825,
2/7/2018,7270.5075,819.749,
2/8/2018,7987.28125,806.536,
2/9/2018,8086.7725,899.807,
2/10/2018,8930.13875,818.451,
2/11/2018,8045.44,847.771,
2/12/2018,8478.92499,852.951,
2/13/2018,8766.8525,852.05,
2/14/2018,8693.2525,937.988,
2/15/2018,9659.2875,931.282,
2/16/2018,10110.83875,966.12,
2/17/2018,10474.77125,958.569,
2/18/2018,10855.9375,933.128,
2/19/2018,10537.00625,953.288,
2/20/2018,11416.03875,884.42,
2/21/2018,10928.02,860.26,
2/22/2018,10727.9525,846.845,
2/23/2018,9809.72125,875.513,
2/24/2018,10412.36875,844.86,
2/25/2018,9585.285,856.866,
2/26/2018,9627.71625,876.038,
2/27/2018,10272.9025,888.402,
2/28/2018,10903.01875,860.857,
3/1/2018,10352.04625,873.699,
3/2/2018,11100.2925,864.679,
3/3/2018,11305.1225,848.463,
3/4/2018,11171.8175,868.916,
3/5/2018,11558.475,847.965,
3/6/2018,11246.7475,813.011,
3/7/2018,10735.88625,744.534,
3/8/2018,9552.75875,664.342,
3/9/2018,8980.19249,738.324,
3/10/2018,9251.2925,685.044,
3/11/2018,8680.6075,716.613,
3/12/2018,9433.47374,695.532,
3/13/2018,9047.5125,701.269,
3/14/2018,9260.70875,591.096,
3/15/2018,7895.98875,600.368,
3/16/2018,8039.6025,597.817,
3/17/2018,8206.555,521.624,
3/18/2018,7667.99,530.252,
3/19/2018,8189.49125,555.856,
3/20/2018,8597.3375,564.488,
3/21/2018,9028.2975,572.542,
3/22/2018,9023.7175,517.185,
3/23/2018,8411.6525,541.707,
3/24/2018,8881.98625,521.724,
3/25/2018,8548.8125,523.52,
3/26/2018,8429.33124,463.19,
3/27/2018,7854.6375,450.538,
3/28/2018,7863.255,443.373,
3/29/2018,7866.36,378.868,
3/30/2018,6861.325,411.018,
3/31/2018,6970.36375,396.412,
4/1/2018,6926.875,383.916,
4/2/2018,6986.835,391.748,
4/3/2018,7182.12,405.765,
4/4/2018,7295.89,373.281,
4/5/2018,6769.48375,379.748,
4/6/2018,6766.5925,380.796,
4/7/2018,6854.92125,387.714,
4/8/2018,6964.4325,409.585,
4/9/2018,7125.53875,399.745,
4/10/2018,6789.2675,413.486,
4/11/2018,6824.49375,435.394,
4/12/2018,6941.63875,489.661,
4/13/2018,7823.55875,506.973,
4/14/2018,8040.88125,509.939,
4/15/2018,8083.57375,517.333,
4/16/2018,8160.4125,506.427,
4/17/2018,8030.57,506.94,
4/18/2018,7937.61,534.342,
4/19/2018,8188.71875,573.796,
4/20/2018,8333.81374,609.413,
4/21/2018,8866.67,602.142,
4/22/2018,8830.05875,634.939,
4/23/2018,8868.16124,667.432,
4/24/2018,9191.82,683.127,
4/25/2018,9373.3025,618.484,
4/26/2018,8807.515,655.692,
4/27/2018,9153.64125,663.8,
4/28/2018,9144.38375,693.961,
4/29/2018,9444.1425,687.262,
4/30/2018,9268.7175,646.964,
5/1/2018,8949.87624,671.417,
5/2/2018,9029.47875,717.994,
5/3/2018,9228.8525,772.539,
5/4/2018,9572.69875,801.875,
5/5/2018,9817.5975,827.905,
5/6/2018,9845.54375,753.517,
5/7/2018,9326.76125,769.821,
5/8/2018,9424.99124,727.918,
5/9/2018,9039.02875,757.211,
5/10/2018,9327.04999,732.901,
5/11/2018,8920.25625,679.977,
5/12/2018,8408.35875,684.785,
5/13/2018,8442.23875,703.981,
5/14/2018,8398.86249,729.895,
5/15/2018,8711.38875,687.973,
5/16/2018,8159.25625,713.386,
5/17/2018,8360.22875,673.3,
5/18/2018,7996.82125,695.009,
5/19/2018,8237.3425,706.022,
5/20/2018,8250.395,713.5,
5/21/2018,8493.13125,690.107,
5/22/2018,8324.025,644.311,
5/23/2018,7951.51375,595.5972994,
5/24/2018,7614.96375,601.6164347,
5/25/2018,7599.9525,585.7910358,
5/26/2018,7436.835,580.6514361,
5/27/2018,7296.79625,570.9259435,
5/28/2018,7383.2175,525.1807399,
5/29/2018,7118.42375,568.5415693,
5/30/2018,7491.61125,562.1821832,
5/31/2018,7448.48274,570.8657402,
6/1/2018,7518.333329,577.2573643,
6/2/2018,7630.403388,591.3811229,
6/3/2018,7716.145068,618.302767,
6/4/2018,7505.589277,591.5490749,
6/5/2018,7624.187971,607.829423,
6/6/2018,7658.57,606.18,
6/7/2018,7684.93,603.56,
6/8/2018,7618.11,598.59,
6/9/2018,7495.1,593.41,
6/10/2018,6770.31,525.24,
6/11/2018,6780.340803,524.0590803,
6/12/2018,6525.329182,489.9241164,
6/13/2018,6321.655965,475.9563347,
6/14/2018,6601.324158,512.9190714,
6/15/2018,6397.44117,488.3687531,
6/16/2018,6529.544015,500.0207313,
6/17/2018,6482.868697,498.8184644,
6/18/2018,6711.64967,516.8910223,
6/19/2018,6731.710147,534.7978411,
6/20/2018,6736.867721,534.2355789,
6/21/2018,6729.925937,524.5293003,
6/22/2018,6099.445277,470.3616439,
6/23/2018,6198.700824,477.9411747,
6/24/2018,6142.39257,462.3994713,
6/25/2018,6244.328455,459.0803912,
6/26/2018,6148.422705,436.042235,
6/27/2018,6140.1915,434.7699917,
6/28/2018,5954.526582,421.9666672,
6/29/2018,6189.309252,429.1666217,
6/30/2018,6343.8922,431.3976063,
7/1/2018,6373.277854,440.7371841,
7/2/2018,6629.749595,469.0499411,
7/3/2018,6482.830594,444.4693275,
7/4/2018,6589.632793,400.6601287,
7/5/2018,6538.682432,467.6379308,
7/6/2018,6596.53,469.3,
7/7/2018,6570.427592,468.5140721,
7/8/2018,6744.988679,490.2092957,
7/9/2018,6694.530851,476.6778612,
7/10/2018,6364.38759,437.8051692,
7/11/2018,6360.446668,440.6431414,
7/12/2018,6144.810118,424.2814104,
7/13/2018,6215.59,432.8,
7/14/2018,6254.678129,433.4045742,
7/15/2018,6366.349904,449.827529,
7/16/2018,6671.625919,475.4163206,
7/17/2018,7315.55104,499.6780592,
7/18/2018,7359.737018,480.6790499,
7/19/2018,7484.63967,469.2643809,
7/20/2018,7357.445677,450.1085444,
7/21/2018,7424.734238,464.1531629,
7/22/2018,7411.200525,457.9176406,
7/23/2018,7730.24748,450.5578227,
7/24/2018,8325.801534,476.8981975,
7/25/2018,8271.59792,475.1970813,
7/26/2018,7925.247396,462.6938104,
7/27/2018,8254.277348,472.4247446,
7/28/2018,8184.695535,466.8324427,
7/29/2018,8201.89009,465.7744995,
7/30/2018,8166.38836,455.5215743,
7/31/2018,7700.834129,430.6546991,
8/1/2018,7588.58618,420.8337079,
8/2/2018,7547.314951,411.5598612,
8/3/2018,7423.074378,417.4339015,
8/4/2018,7396.041122,415.4096661,
8/5/2018,7411.515299,415.6028997,
8/6/2018,7402.336634,415.3476442,
8/7/2018,6748.441484,380.437976,
8/8/2018,6460.153155,366.8881165,
8/9/2018,6482.973449,367.596849,
8/10/2018,6092.533104,328.7843935,
8/11/2018,6391.599258,327.1062375,
8/12/2018,6338.738957,319.3901246,
8/13/2018,6260.192995,283.9345147,
8/14/2018,6123.447601,266.2161521,
8/15/2018,6332.6069,286.4645935,
8/16/2018,6273.88807,285.2719982,
8/17/2018,6566.595283,315.4903177,
8/18/2018,6396.946369,295.2530912,
8/19/2018,6516.668382,301.3690628,
8/20/2018,6299.395333,273.7707155,
8/21/2018,6470.733567,280.3396658,
8/22/2018,6355.881809,269.0130144,
8/23/2018,6503.832362,275.1806304,
8/24/2018,6675.360683,280.5280263,
8/25/2018,6725.032327,278.882836,
8/26/2018,6689.822683,273.4441079,
8/27/2018,6756.628926,280.0060814,
8/28/2018,7084.293617,296.4874529,
8/29/2018,7059.231235,290.7130769,
8/30/2018,6938.914582,283.7533763,
8/31/2018,7028.447312,282.252688,
9/1/2018,7198.058436,295.2665416,
9/2/2018,7282.858514,293.1154634,
9/3/2018,7260.251593,288.8294571,
9/4/2018,7361.271864,285.7017058,
9/5/2018,6913.115013,241.4980125,
9/6/2018,6471.493884,227.1030723,
9/7/2018,6400.268706,215.9792155,
9/8/2018,6181.744207,194.9635634,
9/9/2018,6253.937201,194.5894182,
9/10/2018,6275.083132,192.4379873,
9/11/2018,6275.669588,191.7467557,
9/12/2018,6277.494409,191.5202629,
9/13/2018,6283.1842,193.7431874,
9/14/2018,6285.982466,194.4848772,
9/15/2018,6280.310107,194.1911408,
9/16/2018,6281.409356,193.7440122,
9/17/2018,6273.220083,192.5358077,
9/18/2018,6278.595486,193.4390729,
9/19/2018,6282.610727,193.3880219,
9/20/2018,6288.07017,194.25753,
9/21/2018,6317.699685,198.1301307,
9/22/2018,6293.836421,194.3920142,
9/23/2018,6289.621327,194.4580941,
9/24/2018,6466.994564,221.7447447,
9/25/2018,6391.385981,209.3312467,
9/26/2018,6509.776621,217.8791006,
9/27/2018,6698.416047,228.9911605,
9/28/2018,6502.688151,217.3480245,
9/29/2018,6576.61432,231.306701,
9/30/2018,6647.387947,232.950445,
10/1/2018,6603.754342,230.3961795,
10/2/2018,6576.354229,227.7244629,
10/3/2018,6481.24577,219.08526,
10/4/2018,6594.935786,222.7394808,
10/5/2018,6630.575297,227.7409118,
10/6/2018,6595.260326,225.0935629,
10/7/2018,6591.686318,224.7099627,
10/8/2018,6662.8685,229.6834779,
10/9/2018,6663.021071,228.6631765,
10/10/2018,6619.495845,226.082983,
10/11/2018,6285.859203,198.9386008,
10/12/2018,6309.198921,197.1067155,
10/13/2018,6331.131154,201.4179528,
10/14/2018,6361.417016,199.7879795,
10/15/2018,6721.587503,213.3377842,
10/16/2018,6724.833078,213.2126115,
10/17/2018,6444.74701,203.7579405,
10/18/2018,6374.648863,198.4931997,
10/19/2018,6372.686817,200.2083266,
10/20/2018,6407.479085,202.7111077,
10/21/2018,6412.530491,201.9697632,
10/22/2018,6396.880154,200.9975754,
10/23/2018,6396.252324,201.1292118,
10/24/2018,6407.667175,200.4194894,
10/25/2018,6405.500726,200.2399671,
10/26/2018,6392.179337,200.1886816,
10/27/2018,6436.355484,202.2917699,
10/28/2018,6429.687141,202.7953465,
10/29/2018,6266.189683,194.8325478,
10/30/2018,6276.4645,195.6592733,
10/31/2018,6321.713671,197.04379,
11/1/2018,6341.094813,197.6120727,
11/2/2018,6360.141272,200.2366085,
11/3/2018,6344.738943,198.8207892,
11/4/2018,6405.139755,208.8782948,
11/5/2018,6396.352124,208.1085442,
11/6/2018,6425.917802,217.0567251,
11/7/2018,6514.489453,217.3580437,
11/8/2018,6412.524289,211.576354,
11/9/2018,6343.632504,208.4317284,
11/10/2018,6365.655232,211.8943565,
11/11/2018,6327.480646,208.7611236,
11/12/2018,6327.154696,208.5602524,
11/13/2018,6282.438677,204.0936778,
11/14/2018,5524.801093,175.0018498,
11/15/2018,5511.152834,176.5338295,
11/16/2018,5448.600634,170.9644973,
11/17/2018,5497.411279,172.4227591,
11/18/2018,5553.014895,174.284234,
11/19/2018,4800.342897,146.5471692,
11/20/2018,4246.312774,125.7555888,
11/21/2018,4478.299558,133.282179,
11/22/2018,4405.744031,128.1883999,
11/23/2018,4329.91722,122.6725869,
11/24/2018,3728.872648,110.0448363,
11/25/2018,3951.205029,114.1145074,
11/26/2018,3640.557165,104.3975846,
11/27/2018,3792.192364,110.2687594,
11/28/2018,4174.319972,120.0311166,
11/29/2018,4218.608363,116.0877313,
11/30/2018,3952.447895,111.4911437,
12/1/2018,4178.603828,117.6414342,
12/2/2018,4118.518242,115.4385357,
12/3/2018,3847.032737,108.0357964,
12/4/2018,3889.29212,109.0668853,
12/5/2018,3713.573383,102.1066863,
12/6/2018,3578.206624,92.57817464,
12/7/2018,3391.874146,93.27533106,
12/8/2018,3452.616185,92.14089242,
12/9/2018,3507.306367,92.415549,
12/10/2018,3419.733768,89.52455656,
12/11/2018,3360.946628,87.34211241,
12/12/2018,3414.833749,88.70928092,
12/13/2018,3263.547913,84.57517415,
12/14/2018,3212.207081,83.36845577,
12/15/2018,3194.962272,83.14924108,
12/16/2018,3200.642468,84.22103608,
12/17/2018,3478.461203,93.14244639,
12/18/2018,3562.894946,95.33637204,
12/19/2018,3709.316759,100.4732858,
12/20/2018,4065.799953,113.2408047,
12/21/2018,3824.739794,107.772416,
12/22/2018,3862.726329,112.9109053,
12/23/2018,3949.794342,129.9295019,
12/24/2018,4054.29626,140.9478191,
12/25/2018,3767.350024,128.632904,
12/26/2018,3807.153022,130.7066629,
12/27/2018,3587.198223,114.7827176,
12/28/2018,3865.5293,133.4127406,
12/29/2018,3725.48,134.02,
12/30/2018,3832.4,138.72,
12/31/2018,3689.56462,131.3735702,
1/1/2019,3715.564441,137.7276456,
1/2/2019,3882.304754,153.9656358,
1/3/2019,3795.592741,148.7968733,
1/4/2019,3812.381108,152.873631,
1/5/2019,3809.914343,155.0953606,
1/6/2019,4014.133187,154.580823,
1/7/2019,3989.631741,149.6001646,
1/8/2019,3992.986144,148.9541572,
1/9/2019,3995.325193,149.4467337,
1/10/2019,3617.346291,126.5650301,
1/11/2019,3606.16489,123.5910351,
1/12/2019,3611.528238,123.8033581,
1/13/2019,3497.669392,114.9442239,
1/14/2019,3654.347067,128.0799992,
1/15/2019,3568.751259,118.5098662,
1/16/2019,3593.72174,121.9013892,
1/17/2019,3623.717337,121.687446,
1/18/2019,3605.855187,119.200111,
1/19/2019,3690.908564,123.5757733,
1/20/2019,3544.221724,117.5549281,
1/21/2019,3528.463529,115.7333685,
1/22/2019,3581.551947,118.2059598,
1/23/2019,3549.770799,116.3314967,
1/24/2019,3562.920476,116.1124519,
1/25/2019,3566.666164,115.2563719,
1/26/2019,3563.27801,115.2436153,
1/27/2019,3539.620947,112.6337305,
1/28/2019,3425.262161,105.00828,
1/29/2019,3395.018645,104.1371894,
1/30/2019,3441.032215,107.5714899,
1/31/2019,3420.633227,106.1733014,
2/1/2019,3439.805699,106.1211666,
2/2/2019,3433.035285,106.7283216,
2/3/2019,3404.499313,106.0944999,
2/4/2019,3412.230431,106.2401879,
2/5/2019,3419.767899,105.9936587,
2/6/2019,3367.519032,103.9392121,
2/7/2019,3360.534076,103.2855553,
2/8/2019,3591.022152,116.4289745,
2/9/2019,3617.46468,117.848711,
2/10/2019,3621.154003,120.3541791,
2/11/2019,3593.183177,119.8905691,
2/12/2019,3579.341881,120.2123398,
2/13/2019,3569.554833,120.4059778,
2/14/2019,3558.396858,119.8093875,
2/15/2019,3566.247765,120.2850568,
2/16/2019,3596.405191,122.2792165,
2/17/2019,3606.151988,132.0913764,
2/18/2019,3865.318165,142.6179951,
2/19/2019,3904.48292,144.1606666,
2/20/2019,3924.739844,145.548254,
2/21/2019,3889.758485,142.8699894,
2/22/2019,3933.60759,146.6658012,
2/23/2019,4105.112759,157.0470867,
2/24/2019,3763.620516,137.763891,
2/25/2019,3819.865341,138.0371413,
2/26/2019,3797.58179,135.7434191,
2/27/2019,3772.936335,131.6677685,0.001944134
2/28/2019,3799.678543,134.8225062,0.00191243
3/1/2019,3811.611979,135.0662511,0.001955793
3/2/2019,3804.41917,131.3451771,0.001969627
3/3/2019,3782.664101,130.3974612,0.001948369
3/4/2019,3689.862893,124.7250939,0.001899702
3/5/2019,3832.080885,135.000572,0.001938599
3/6/2019,3848.95637,137.084377,0.001931165
3/7/2019,3859.839983,136.8074624,0.001943902
3/8/2019,3828.371904,132.361661,0.001925753
3/9/2019,3898.86846,136.0269174,0.00195179
3/10/2019,3899.655869,135.362074,0.001951273
3/11/2019,3851.24919,132.4076102,0.001929102
3/12/2019,3866.295946,132.8070687,0.00199423
3/13/2019,3846.274442,131.0407794,0.001979404
3/14/2019,3855.744363,131.3672841,0.002013483
3/15/2019,3892.052301,134.9901214,0.002021353
3/16/2019,3985.851236,140.5670429,0.002046058
3/17/2019,3970.389045,138.3158542,0.002052304
3/18/2019,3974.415764,137.3255003,0.002044511
3/19/2019,3996.037131,137.6186421,0.002041415
3/20/2019,4027.787395,138.8187357,0.002025117
3/21/2019,3974.811429,134.8007697,0.002022616
3/22/2019,3987.305225,136.0194987,0.002007371
3/23/2019,3977.707443,136.4499004,0.002009193
3/24/2019,3968.438701,135.3985812,0.002005285
3/25/2019,3913.781717,133.3026314,0.002011537
3/26/2019,3915.37532,133.4910765,0.002031465
3/27/2019,4018.59051,138.0700978,0.002054615
3/28/2019,4008.370872,137.3131883,0.002044447
3/29/2019,4080.260114,141.3032262,0.002081265
3/30/2019,4081.221605,141.9411062,0.002075958
3/31/2019,4094.704791,141.3437324,0.002066674
4/1/2019,4135.18494,141.7132481,0.002410339
4/2/2019,4818.770635,162.4298499,0.002927212
4/3/2019,5102.150753,164.7095956,0.003173004
4/4/2019,4875.599431,157.0412173,0.003640386
4/5/2019,5030.933271,165.9009262,0.003529476
4/6/2019,5028.321082,165.1570911,0.003367889
4/7/2019,5198.17317,173.9915869,0.003398816
4/8/2019,5260.205043,180.2351402,0.002948255
4/9/2019,5179.997649,176.1470907,0.002875842
4/10/2019,5283.543758,176.9719357,0.002963853
4/11/2019,5049.605824,165.644294,0.002743435
4/12/2019,5077.515864,165.238241,0.002813662
4/13/2019,5066.86704,163.5799827,0.0028431
4/14/2019,5158.387401,168.281686,0.002868455
4/15/2019,5045.675166,161.2565404,0.002747863
4/16/2019,5184.204468,165.6484765,0.002776091
4/17/2019,5220.959934,166.3103093,0.002776303
4/18/2019,5276.558982,173.6138263,0.002958944
4/19/2019,5266.661246,173.3950038,0.002891238
4/20/2019,5292.14833,173.2030205,0.002858281
4/21/2019,5276.558318,170.1608503,0.002759978
4/22/2019,5398.433417,172.8128439,0.00276394
4/23/2019,5552.521911,171.8396593,0.002767673
4/24/2019,5432.991017,166.1931802,0.002560349
4/25/2019,5132.227526,154.2475258,0.002415391
4/26/2019,5151.574528,153.9102989,0.002522439
4/27/2019,5200.193239,157.4083036,0.002538327
4/28/2019,5152.54574,154.828085,0.002433694
4/29/2019,5151.4335,153.6813137,0.00241323
4/30/2019,5277.444469,161.2913029,0.00248825
5/1/2019,5297.942492,157.8012726,0.002450547
5/2/2019,5405.878067,160.9700953,0.002540293
5/3/2019,5697.679054,166.1339035,0.002676979
5/4/2019,5812.331779,163.8906998,0.002671546
5/5/2019,5713.035052,162.9348635,0.002576901
5/6/2019,5706.008421,173.605118,0.002562473
5/7/2019,5899.529693,173.8130614,0.002527791
5/8/2019,5932.441391,170.8984032,0.002537451
5/9/2019,6159.685902,170.9917809,0.002462494
5/10/2019,6387.82945,174.1020005,0.002543028
5/11/2019,7254.805536,200.4883684,0.002756217
5/12/2019,6992.706661,188.3712623,0.002638068
5/13/2019,7906.940835,197.3040944,0.002720073
5/14/2019,7928.417416,217.0781324,0.003012851
5/15/2019,8177.453519,246.8264233,0.003281746
5/16/2019,7820.076243,260.3302092,0.003197219
5/17/2019,7243.650539,239.4492649,0.002896532
5/18/2019,7295.649729,238.931991,0.002996982
5/19/2019,8221.259395,263.4469652,0.003127976
5/20/2019,7917.012499,250.0415313,0.002975478
5/21/2019,7961.128743,255.8952567,0.003041946
5/22/2019,7723.90388,246.4173094,0.002915793
5/23/2019,7903.84691,245.987827,0.002954978
5/24/2019,8038.506791,250.5181481,0.003012225
5/25/2019,8089.570163,252.8623843,0.003058605
5/26/2019,8653.142368,264.7384593,0.003045162
5/27/2019,8800.346606,269.1706596,0.003129699
5/28/2019,8719.331485,272.3649993,0.003155261
5/29/2019,8672.400107,270.458631,0.00321008
5/30/2019,8287.040256,253.2695206,0.00321412
5/31/2019,8513.203882,262.6178289,0.003404771
6/1/2019,8588.479505,268.0068681,0.003360208
6/2/2019,8744.265561,269.274568,0.003323955
6/3/2019,8474.048229,257.9038145,0.003224684
6/4/2019,7645.572514,239.0754425,0.00297652
6/5/2019,7790.321135,246.3609228,0.003027716
6/6/2019,7730.881726,243.5358114,0.003014594
6/7/2019,8030.256079,250.9237807,0.003129354
6/8/2019,7949.425799,245.1594275,0.003020666
6/9/2019,7600.922492,229.5070458,0.002958655
6/10/2019,7954.006238,243.6975775,0.003029695
6/11/2019,7903.62525,245.6023534,0.003077685
6/12/2019,8151.78868,257.0824436,0.003093833
6/13/2019,8256.720099,255.8128946,0.0029903
6/14/2019,8667.787954,263.9902062,0.003121344
6/15/2019,8836.168413,268.8329564,0.003177758
6/16/2019,9061.540461,270.7520786,0.00315604
6/17/2019,9346.975087,273.8801723,0.00324655
6/18/2019,9012.48785,263.1083722,0.003049708
6/19/2019,9259.123638,268.6365511,0.003134739
6/20/2019,9559.900689,271.8312145,0.003143498
6/21/2019,9906.407965,291.9443651,0.003186863
6/22/2019,10461.41217,302.005795,0.003234036
6/23/2019,10843.57097,308.2046756,0.003354481
6/24/2019,10996.45975,308.6652726,0.003302823
6/25/2019,11665.40968,316.2122784,0.003266447
6/26/2019,12444.92586,324.1308553,0.003214131
6/27/2019,11086.26883,296.1115559,0.003427958
6/28/2019,12316.95301,309.4092893,0.003442683
6/29/2019,12024.08097,314.0469441,0.00348057
6/30/2019,10932.31051,293.5303669,0.003275438
7/1/2019,10454.68382,289.4528415,0.00316868
7/2/2019,10800.13014,291.4472478,0.003143809
7/3/2019,11942.24022,301.4034854,0.003224103
7/4/2019,11645.52461,293.1470523,0.003272617
7/5/2019,10946.20905,288.0914836,0.003724457
7/6/2019,11219.046,287.2026911,0.003478837
7/7/2019,11422.11447,305.7988739,0.003648587
7/8/2019,12335.99939,313.7779112,0.00354029
7/9/2019,12575.90407,307.7689029,0.003442866
7/10/2019,12054.18379,289.1743327,0.003368452
7/11/2019,11324.1447,267.7342738,0.003203111
7/12/2019,11802.95996,274.6791842,0.003265816
7/13/2019,11279.60274,267.2689248,0.003245017
7/14/2019,10506.39583,236.8879114,0.002968153
7/15/2019,10934.48274,233.0681671,0.003083565
7/16/2019,9490.410516,200.2220044,0.002795817
7/17/2019,9733.132134,212.2264798,0.00290232
7/18/2019,10603.34887,224.2387597,0.003081518
7/19/2019,10466.26094,219.6537524,0.003005734
7/20/2019,10983.216,233.1300975,0.003171911
7/21/2019,10551.13163,225.0877738,0.002990118
7/22/2019,10285.63923,215.9390349,0.002936616
7/23/2019,10027.53261,215.5549595,0.002869427
7/24/2019,9771.504761,215.066558,0.002909395
7/25/2019,9897.429352,219.6820637,0.002878912
7/26/2019,9812.226351,217.9143663,0.002866094
7/27/2019,9440.140037,206.3915854,0.002760642
7/28/2019,9495.855261,207.3703542,0.002824506
7/29/2019,9506.704273,211.6551177,0.002799045
7/30/2019,9572.735372,210.0807134,0.00278414
7/31/2019,10005.29447,216.085927,0.002831155
8/1/2019,10385.20061,217.3123969,0.002846654
8/2/2019,10513.91147,217.5168016,0.002923978
8/3/2019,10831.25986,222.1538141,0.002881618
8/4/2019,10985.80754,222.5023179,0.002925401
8/5/2019,11811.78705,233.0314056,0.003063506
8/6/2019,11310.18722,224.5440763,0.002899359
8/7/2019,11956.04722,225.6844684,0.002976974
8/8/2019,11817.45548,219.2096428,0.002925795
8/9/2019,11827.57457,209.1745628,0.002900092
8/10/2019,11278.28125,205.9151552,0.002826752
8/11/2019,11485.36578,214.8954808,0.002953963
8/12/2019,11391.96865,211.3484238,0.002891734
8/13/2019,10869.37911,206.9961675,0.002818
8/14/2019,10211.49858,189.687623,0.002833119
8/15/2019,10386.53955,187.9278393,0.002612661
8/16/2019,10388.45059,185.9325033,0.002666183
8/17/2019,10212.10144,186.3736191,0.002644701
8/18/2019,10335.37284,194.7744371,0.00270014
8/19/2019,10774.81031,200.6583914,0.00272586
8/20/2019,10818.50701,198.1378702,0.002737441
8/21/2019,10064.91679,184.8960218,0.002684628
8/22/2019,10161.16475,193.7319852,0.002713119
8/23/2019,10364.28135,193.9669059,0.002663431
8/24/2019,10171.49746,190.798504,0.002581086
8/25/2019,10068.92242,186.1119315,0.002610487
8/26/2019,10312.21504,188.0709594,0.002604892
8/27/2019,10122.19653,185.7509883,0.002568059
8/28/2019,9743.162051,174.0590163,0.002473946
8/29/2019,9487.976434,168.961462,0.002411834
8/30/2019,9590.736337,168.6898906,0.002475945
8/31/2019,9624.983911,172.8455754,0.00248413
9/1/2019,9780.667897,172.0143992,0.002513243
9/2/2019,10381.85596,178.4059547,0.002596396
9/3/2019,10691.3113,180.3972338,0.002642804
9/4/2019,10555.0469,174.3697252,0.002530008
9/5/2019,10576.31789,174.9847095,0.002473066
9/6/2019,10334.02389,169.1709225,0.00245615
9/7/2019,10495.22736,178.6452352,0.002436709
9/8/2019,10402.79653,181.445454,0.002471955
9/9/2019,10332.94219,182.2717701,0.002472235
9/10/2019,10082.94683,179.4033829,0.002359384
9/11/2019,10152.75298,178.3436659,0.002371136
9/12/2019,10396.7672,181.2873036,0.002421911
9/13/2019,10299.47696,180.7958504,0.002423526
9/14/2019,10351.23202,187.4962298,0.002402611
9/15/2019,10302.19071,188.7210222,0.002447133
9/16/2019,10301.65965,197.7618966,0.002421485
9/17/2019,10231.42151,211.8446526,0.002630235
9/18/2019,10168.28771,211.7686705,0.002698582
9/19/2019,10223.50558,220.4508762,0.002687775
9/20/2019,10138.33521,214.5472068,0.002709497
9/21/2019,9984.520516,215.6904162,0.002527542
9/22/2019,10031.86671,210.6311029,0.002549384
9/23/2019,9719.718696,201.7345164,0.002468429
9/24/2019,8688.973526,168.9992628,0.002190487
9/25/2019,8438.708552,169.9438202,0.002200142
9/26/2019,8103.2109,166.6986944,0.002139793
9/27/2019,8195.210697,172.7389316,0.002169022
9/28/2019,8146.414032,172.997552,0.002166853
9/29/2019,8085.71329,171.0073197,0.002199677
9/30/2019,8241.34147,177.9168792,0.002380616
10/1/2019,8333.68919,176.9313026,0.002387934
10/2/2019,8273.464018,178.6122629,0.002311442
10/3/2019,8203.843833,175.1317829,0.002294282
10/4/2019,8163.902638,176.8658985,0.002340476
10/5/2019,8137.146689,176.060443,0.002337327
10/6/2019,7853.693305,169.4697137,0.002272298
10/7/2019,8236.208379,181.4028513,0.002358579
10/8/2019,8201.637818,180.7891908,0.002307762
10/9/2019,8572.380812,193.1512327,0.002340083
10/10/2019,8582.144518,192.1981992,0.002315667
10/11/2019,8320.171581,181.0085295,0.002288586
10/12/2019,8328.60426,180.79133,0.002324588
10/13/2019,8282.177326,181.5366658,0.002460432
10/14/2019,8337.818999,186.1238271,0.002526997
10/15/2019,8162.44,180.58,0.002530663
10/16/2019,8003.820395,174.7540832,0.002609158
10/17/2019,8058.058081,176.3901046,0.002752838
10/18/2019,7970.239476,173.7500889,0.002658273
10/19/2019,7943.347107,171.1585128,0.002702293
10/20/2019,8200.318763,174.6693847,0.002711812
10/21/2019,8200.246099,173.7658274,0.00269692
10/22/2019,8073.409544,171.3018586,0.002569001
10/23/2019,7420.415836,159.5431046,0.002484039
10/24/2019,7460.617416,161.0687513,0.002498987
10/25/2019,8591.223897,179.9804506,0.002647554
10/26/2019,9171.306532,177.4139323,0.002571046
10/27/2019,9578.367556,184.9332869,0.002650433
10/28/2019,9458.22336,183.9328016,0.002661273
10/29/2019,9455.724693,192.3885044,0.002627285
10/30/2019,9225.995479,183.3652158,0.002628928
10/31/2019,9131.41063,181.5668036,0.002579059
11/1/2019,9197.632345,182.8739795,0.002633168
11/2/2019,9290.896602,182.853304,0.002594492
11/3/2019,9202.415451,182.2438145,0.002570254
11/4/2019,9369.628081,185.3686817,0.002564281
11/5/2019,9326.599624,188.8571937,0.002574997
11/6/2019,9335.752402,191.0586073,0.002548095
11/7/2019,9226.485821,187.0749396,0.002677858
11/8/2019,8794.358645,184.4694667,0.002651377
11/9/2019,8798.042055,185.1915992,0.002696442
11/10/2019,9081.186878,189.7227333,0.002786577
11/11/2019,8711.534339,185.359517,0.002709923
11/12/2019,8760.892718,186.3251476,0.002695945
11/13/2019,8749.520591,187.251114,0.002700115
11/14/2019,8656.970922,184.8074617,0.002598276
11/15/2019,8500.643558,180.724972,0.002698387
11/16/2019,8469.260899,182.1067434,0.002705552
11/17/2019,8537.339652,184.192142,0.002594293
11/18/2019,8205.806366,178.4221817,0.002538751
11/19/2019,8118.488536,175.5936935,0.002498707
11/20/2019,8074.843174,174.7796504,0.002543138
11/21/2019,7612.740574,160.5179612,0.002418621
11/22/2019,7262.110535,149.5245322,0.002370274
11/23/2019,7303.405759,152.136245,0.002354919
11/24/2019,7041.732936,144.315288,0.002272718
11/25/2019,7211.861809,146.9818122,0.002255238
11/26/2019,7141.069449,148.0068818,0.002229334
11/27/2019,7523.480673,152.957277,0.002334097
11/28/2019,7390.207469,150.4119794,0.002257521
11/29/2019,7729.265939,153.6738095,0.002347768
11/30/2019,7542.235609,151.655424,0.002326976
12/1/2019,7381.963008,151.5529038,0.00225759
12/2/2019,7333.43293,149.4546547,0.002217483
12/3/2019,7315.367765,147.8113219,0.002153586
12/4/2019,7213.733762,145.6033386,0.002183848
12/5/2019,7398.78705,147.8270036,0.002152954
12/6/2019,7511.880583,148.6504041,0.002180507
12/7/2019,7532.123513,147.8712516,0.002187296
12/8/2019,7550.2392,151.4106799,0.00219138
12/9/2019,7333.096043,147.1595339,0.00218377
12/10/2019,7239.762575,145.797319,0.002157881
12/11/2019,7198.066677,143.0108044,0.002117234
12/12/2019,7190.272369,144.5101037,0.002125031
12/13/2019,7238.874323,144.4855855,0.002141724
12/14/2019,7087.024985,142.0555393,0.002122969
12/15/2019,7112.731476,142.6819305,0.002135429
12/16/2019,6883.496394,132.3435787,0.002076962
12/17/2019,6584.028843,120.8798162,0.00197127
12/18/2019,7424.0154,133.8778331,0.002079148
12/19/2019,7147.568324,127.2736814,0.002026299
12/20/2019,7139.933371,127.3752755,0.002053168
12/21/2019,7286.335081,129.8708364,0.002058581
12/22/2019,7236.986205,128.9106173,0.001998881
12/23/2019,7166.172379,125.0138244,0.002023717
12/24/2019,7235.62665,128.0056504,0.002026126
12/25/2019,7212.809395,125.3335416,0.002028636
12/26/2019,7183.706536,125.2582993,0.002021302
12/27/2019,7227.293712,126.1492139,0.001993184
12/28/2019,7311.560644,128.0111453,0.001998618
12/29/2019,7385.464848,134.768035,0.002034085
12/30/2019,7251.276794,132.0730737,0.002024657
12/31/2019,7179.957819,128.7226035,0.002028956
1/1/2020,7174.744012,129.8873633,0.002051001
1/2/2020,6955.48758,127.0556009,0.001982176
1/3/2020,7291.219505,132.9708332,0.002035353
1/4/2020,7337.63667,133.8206207,0.002059966
1/5/2020,7347.433264,134.8342522,0.002086557
1/6/2020,7713.860754,143.1316009,0.00211363
1/7/2020,8039.603701,142.133414,0.002129926
1/8/2020,8067.606369,140.3393937,0.002135763
1/9/2020,7808.701364,137.494999,0.002114771
1/10/2020,8087.452885,142.8347834,0.002188044
1/11/2020,8078.993532,143.0715916,0.002176286
1/12/2020,8149.313717,145.2809937,0.002208545
1/13/2020,8116.961008,143.936917,0.002144194
1/14/2020,8735.142439,163.8546315,0.002295103
1/15/2020,8843.675732,166.5383399,0.00238331
1/16/2020,8711.637578,163.9372081,0.002337326
1/17/2020,8925.299028,171.5889768,0.002492531
1/18/2020,8939.8643,176.700434,0.002510179
1/19/2020,8638.18144,166.0633101,0.002382867
1/20/2020,8652.683763,167.5725368,0.002402522
1/21/2020,8708.786013,169.0544916,0.002353708
1/22/2020,8635.074357,167.1518345,0.002335821
1/23/2020,8384.088777,162.6714167,0.002244758
1/24/2020,8451.232296,162.8065224,0.002272798
1/25/2020,8347.567505,160.9178681,0.00224551
1/26/2020,8562.30747,166.7218659,0.002274633
1/27/2020,8881.962391,169.8001126,0.002348566
1/28/2020,9131.114988,173.5481484,0.002401151
1/29/2020,9320.978406,175.4603221,0.002397343
1/30/2020,9545.077957,186.2620414,0.002434547
1/31/2020,9388.880752,181.7284342,0.00239898
2/1/2020,9363.193383,182.7739889,0.002416483
2/2/2020,9385.260386,189.3125531,0.002509881
2/3/2020,9269.707035,189.2575929,0.002415639
2/4/2020,9177.894637,188.6750822,0.002493255
2/5/2020,9625.456637,204.5305348,0.002533263
2/6/2020,9681.377411,211.2924866,0.002631071
2/7/2020,9795.344066,221.8331394,0.002796468
2/8/2020,9927.778256,224.0294272,0.003165431
2/9/2020,10132.7065,228.044309,0.003226009
2/10/2020,9838.900016,223.3196378,0.00295337
2/11/2020,10236.63515,237.8783455,0.003056873
2/12/2020,10364.92629,268.3962677,0.003089923
2/13/2020,10218.09974,266.2518149,0.003027548
2/14/2020,10367.528,284.0004909,0.00312077
2/15/2020,9926.353691,267.3531863,0.002964358
2/16/2020,9876.234963,255.3551842,0.002678377
2/17/2020,9636.624095,261.1372307,0.00264324
2/18/2020,10189.99598,281.3812072,0.002798958
2/19/2020,9701.037191,265.1448245,0.002675721
2/20/2020,9631.484946,259.7141345,0.002636639
2/21/2020,9670.858654,263.949385,0.002683462
2/22/2020,9689.086743,262.5732338,0.002613613
2/23/2020,9919.551448,272.8428067,0.002669254
2/24/2020,9640.469505,263.8974852,0.002590971
2/25/2020,9392.869629,251.9396762,0.002453725
2/26/2020,8787.978363,225.6910701,0.002346635
2/27/2020,8784.995352,228.5854083,0.002338914
2/28/2020,8778.470511,229.7854128,0.002337759
2/29/2020,8639.591417,223.499288,0.002247177
3/1/2020,8548.948322,218.777736,0.002288642
3/2/2020,8923.044398,230.812952,0.002372666
3/3/2020,8791.112058,224.6566351,0.002523511
3/4/2020,8756.961062,223.5277347,0.002412032
3/5/2020,9078.578777,229.4143467,0.002514142
3/6/2020,9126.636822,240.4900817,0.002477819
3/7/2020,8925.213488,240.5548524,0.002412075
3/8/2020,8166.313894,204.4108196,0.002200328
3/9/2020,7875.750875,198.9773509,0.002202871
3/10/2020,7959.228274,203.1258772,0.002219393
3/11/2020,7955.306284,194.427784,0.002195068
3/12/2020,5800.208905,127.2928962,0.001697035
3/13/2020,5672.681201,134.8210288,0.001805664
3/14/2020,5304.149952,124.9746147,0.001689293
3/15/2020,5355.187374,123.7851093,0.001637907
3/16/2020,4944.702336,107.8983448,0.001582295
3/17/2020,5465.582594,118.3424036,0.001674535
3/18/2020,5363.822853,116.6065978,0.001604027
3/19/2020,6301.063404,140.8145457,0.001803612
3/20/2020,6185.279839,131.753158,0.001773594
3/21/2020,6187.05375,133.0816861,0.001784345
3/22/2020,5884.340133,123.2739472,0.001733213
3/23/2020,6455.454688,133.5701414,0.001832749
3/24/2020,6784.318011,140.1136999,0.001879918
3/25/2020,6706.985089,136.2496619,0.001835899
3/26/2020,6721.495392,136.6194963,0.001866625
3/27/2020,6682.780049,137.3184524,0.001848693
3/28/2020,6229.488343,131.2719317,0.001795553
3/29/2020,5922.489835,125.7283385,0.001722574
3/30/2020,6483.739446,133.7604753,0.001851868
3/31/2020,6446.421347,133.8929306,0.001829597
4/1/2020,6537.336462,133.6525611,0.001836286
4/2/2020,6850.558712,142.5059265,0.001901784
4/3/2020,6776.370094,141.9206657,0.001846503
4/4/2020,6855.933264,144.1399041,0.001883079
4/5/2020,6805.362287,143.4993181,0.001876919
4/6/2020,7278.24397,165.9462414,0.001976876
4/7/2020,7175.667477,166.4521496,0.001993841
4/8/2020,7367.293398,172.8180919,0.002030146
4/9/2020,7321.816614,170.898714,0.002027493
4/10/2020,6866.398189,158.3075978,0.001946427
4/11/2020,6873.848495,158.010143,0.00195189
4/12/2020,7043.438864,162.023023,0.001979472
4/13/2020,6889.863772,158.3185448,0.001944839
4/14/2020,6887.554908,159.7720237,0.001988654
4/15/2020,6718.79995,155.7292613,0.001911598
4/16/2020,7166.582817,174.0709972,0.002005384
4/17/2020,7065.082389,170.4157421,0.002002454
4/18/2020,7277.140586,188.1478721,0.002052896
4/19/2020,7185.870303,182.8541797,0.002054474
4/20/2020,6856.146435,171.3567484,0.001986862
4/21/2020,6904.475773,173.0543256,0.00198139
4/22/2020,7118.388748,182.209944,0.002007836
4/23/2020,7562.032832,189.041151,0.002057553
4/24/2020,7497.861764,186.7921766,0.002059374
4/25/2020,7542.303401,193.6154222,0.002124763
4/26/2020,7624.853786,195.0902575,0.002432139
4/27/2020,7776.507543,197.025236,0.002350921
4/28/2020,7761.758784,197.3102249,0.002327148
4/29/2020,8773.106488,215.2002836,0.002525497
4/30/2020,8767.672623,210.6202342,0.002456348
5/1/2020,8853.774484,212.3596702,0.002501482
5/2/2020,8963.057558,214.7327164,0.002543781
5/3/2020,8904.713817,210.1867624,0.002513863
5/4/2020,8887.505893,207.6209439,0.002435906
5/5/2020,8978.283587,205.0922163,0.002493188
5/6/2020,9371.684273,206.1612678,0.002561594
5/7/2020,9900.678867,212.9707684,0.002603887
5/8/2020,9917.248414,213.6120028,0.00260988
5/9/2020,9617.518195,211.3727352,0.002637913
5/10/2020,8786.655182,188.6446608,0.00246424
5/11/2020,8608.125245,186.0147755,0.002410698
5/12/2020,8815.231245,189.8181868,0.002426188
5/13/2020,9330.986485,199.4712477,0.00252353
5/14/2020,9757.296586,203.7694208,0.002601092
5/15/2020,9362.635557,196.1392799,0.00249348
5/16/2020,9418.918551,201.4660091,0.00249137
5/17/2020,9684.701959,207.4047794,0.002558836
5/18/2020,9723.68015,214.5257268,0.002569676
5/19/2020,9719.480854,213.6812562,0.002537944
5/20/2020,9540.886567,209.853671,0.002529521
5/21/2020,9141.150637,200.2877989,0.002541734
5/22/2020,9192.845136,208.0416961,0.002507337
5/23/2020,9220.075887,207.6257023,0.002517407
5/24/2020,9048.715119,206.4529748,0.00248926
5/25/2020,8905.781605,204.0382217,0.002513539
5/26/2020,8835.727224,201.2088663,0.002481123
5/27/2020,9112.979176,206.1006556,0.002477497
5/28/2020,9507.524665,216.5178744,0.002541926
5/29/2020,9425.281869,220.5019166,0.002531834
5/30/2020,9688.32439,243.6303481,0.002615082
5/31/2020,9427.670084,231.2504176,0.002543086
6/1/2020,10268.58198,250.0599161,0.002671023
6/2/2020,9516.135443,237.3090653,0.002565235
6/3/2020,9667.060754,244.5193628,0.002563182
6/4/2020,9811.367095,243.4132804,0.002580613
6/5/2020,9659.661298,240.7663786,0.002563596
6/6/2020,9677.050995,242.3213963,0.002598384
6/7/2020,9737.458559,243.8256551,0.002611195
6/8/2020,9791.9279,247.0407956,0.002593377
6/9/2020,9786.14202,244.5428507,0.002584387
6/10/2020,9874.967048,247.4454296,0.002618225
6/11/2020,9260.832641,230.5056339,0.002459402
6/12/2020,9464.228097,237.2197469,0.002510146
6/13/2020,9458.659754,238.2201401,0.002531613
6/14/2020,9351.953728,232.6132805,0.002473461
6/15/2020,9441.768996,231.2550027,0.002501095
6/16/2020,9510.660637,234.750921,0.002534802
6/17/2020,9457.627074,234.031026,0.002472175
6/18/2020,9398.642094,231.8059383,0.002509352
6/19/2020,9279.760765,228.8903068,0.002463136
6/20/2020,9353.078196,228.7451599,0.002463266
6/21/2020,9289.104491,227.6154757,0.002452002
6/22/2020,9680.947128,243.228194,0.002499566
6/23/2020,9609.680246,242.9270899,0.00243599
6/24/2020,9311.136318,235.1756536,0.002472464
6/25/2020,9252.633372,232.5691464,0.002406792
6/26/2020,9171.732086,229.9450698,0.002367261
6/27/2020,9022.153768,221.4079024,0.002313893
6/28/2020,9101.850057,224.1848295,0.002296494
6/29/2020,9188.061375,228.333342,0.002301087
6/30/2020,9148.444859,225.9467951,0.002330995
7/1/2020,9236.31677,230.7048875,0.002348407
7/2/2020,9097.797366,226.722979,0.002347208
7/3/2020,9094.324561,226.3593386,0.002319359
7/4/2020,9124.653534,228.807199,0.002336482
7/5/2020,9055.464483,227.0958438,0.002285955
7/6/2020,9278.805637,238.929701,0.002567125
7/7/2020,9244.415815,238.4339891,0.003046042
7/8/2020,9471.759973,248.2818793,0.004543403
7/9/2020,9236.143254,241.7872199,0.004448172
7/10/2020,9243.175259,240.1467527,0.00351006
7/11/2020,9229.859755,238.9943355,0.003740742
7/12/2020,9286.737042,240.2236659,0.003666248
7/13/2020,9238.993755,239.3273162,0.003134981
7/14/2020,9260.47098,240.8414253,0.00330531
7/15/2020,9211.026433,238.4254491,0.003099572
7/16/2020,9133.77783,233.0853182,0.002960778
7/17/2020,9160.410591,232.897595,0.003060686
7/18/2020,9176.68639,235.7401242,0.003555433
7/19/2020,9190.271534,237.7425541,0.00344214
7/20/2020,9172.588333,236.0678442,0.003209512
7/21/2020,9395.064446,245.2152675,0.003331448
7/22/2020,9530.790885,264.0682845,0.003292545
7/23/2020,9617.377861,275.8085217,0.003299514
7/24/2020,9568.974726,282.0835889,0.003232093
7/25/2020,9708.94914,305.6981196,0.003218174
7/26/2020,9938.951223,312.1649089,0.003217148
7/27/2020,11187.77973,329.6317211,0.003201861
7/28/2020,10939.67014,317.150009,0.003195902
7/29/2020,11284.45899,322.5821788,0.003218503
7/30/2020,11118.91841,336.2069898,0.003238331
7/31/2020,11373.31726,346.0277183,0.003212798
8/1/2020,11766.7483,385.3971442,0.003721454
8/2/2020,11139.09838,376.7304078,0.003361373
8/3/2020,11261.80633,389.0088526,0.00338464
8/4/2020,11228.02632,391.4719188,0.003522035
8/5/2020,11653.40759,398.7823156,0.003491171
8/6/2020,11796.81736,395.0946703,0.003545636
8/7/2020,11639.93541,382.7311752,0.003467752
8/8/2020,11744.91208,390.8088262,0.003472592
8/9/2020,11673.12324,388.3353163,0.003449176
8/10/2020,11832.22731,395.3996937,0.003466908
8/11/2020,11340.58234,375.7376316,0.003346189
8/12/2020,11549.54631,385.6144268,0.00345783
8/13/2020,11752.16866,426.5197718,0.003482652
8/14/2020,11783.28341,439.4651312,0.003538962
8/15/2020,11895.62695,432.5808731,0.003576891
8/16/2020,11896.94717,432.9948223,0.003518993
8/17/2020,12399.11188,439.1354267,0.003619466
8/18/2020,12071.73891,426.6580776,0.003532193
8/19/2020,11749.82951,406.7773731,0.003421504
8/20/2020,11833.89735,414.8923131,0.003445829
8/21/2020,11583.13894,392.9193709,0.003427111
8/22/2020,11674.62435,393.7887017,0.003450678
8/23/2020,11666.41012,392.2001782,0.003401403
8/24/2020,11744.0127,406.0046386,0.003400172
8/25/2020,11378.72603,383.7475334,0.003310843
8/26/2020,11458.8226,386.4422056,0.003299884
8/27/2020,11302.12096,381.5294807,0.003179548
8/28/2020,11482.22569,391.9147664,0.003247949
8/29/2020,11515.04443,402.903116,0.00328096
8/30/2020,11657.00393,423.0770923,0.003304379
8/31/2020,11678.37326,435.2801715,0.003203649
9/1/2020,11964.20867,480.5552222,0.003240023
9/2/2020,11427.7026,441.8792973,0.003116775
9/3/2020,10712.92065,399.5571541,0.002921579
9/4/2020,10563.89694,391.8715285,0.002918283
9/5/2020,10042.85485,329.0848012,0.002730362
9/6/2020,10207.605,349.4605532,0.002762362
9/7/2020,10381.77611,354.3037632,0.002838857
9/8/2020,10043.19644,334.0254168,0.002723147
9/9/2020,10268.46092,354.5133293,0.002802968
9/10/2020,10341.01598,367.1263141,0.002798374
9/11/2020,10380.5396,374.2875959,0.002795714
9/12/2020,10436.36541,383.9274938,0.002790055
9/13/2020,10313.06858,364.5362188,0.002764798
9/14/2020,10680.29756,373.5045266,0.002782077
9/15/2020,10829.50531,365.8433246,0.002823872
9/16/2020,11033.38353,367.4346465,0.002791276
9/17/2020,10937.11126,389.3184008,0.002792905
9/18/2020,10933.93116,382.9262672,0.002797767
9/19/2020,11048.87928,384.250568,0.002790719
9/20/2020,10852.91014,367.3231537,0.00275247
9/21/2020,10526.20289,347.5680273,0.002666084
9/22/2020,10531.16456,345.1418278,0.002618182
9/23/2020,10260.03301,322.3349075,0.002558773
9/24/2020,10672.95681,348.9888399,0.002632863
9/25/2020,10729.06961,354.7818319,0.002685653
9/26/2020,10741.47647,354.0452726,0.002702662
9/27/2020,10752.34545,354.9380677,0.002705624
9/28/2020,10863.06572,361.7481129,0.002667396
9/29/2020,10764.28437,357.3310058,0.002674148
9/30/2020,10741.57955,358.7399607,0.002627867
10/1/2020,10626.60096,352.0332682,0.002631448
10/2/2020,10567.3302,345.3998476,0.002601426
10/3/2020,10555.02868,347.1718313,0.002584024
10/4/2020,10660.61118,351.640032,0.002612267
10/5/2020,10756.40458,352.6185941,0.002606597
10/6/2020,10589.62639,340.348183,0.002596392
10/7/2020,10645.75479,339.3783145,0.00258785
10/8/2020,10897.59543,350.9546298,0.002621079
10/9/2020,11052.39508,364.3294015,0.002654308
10/10/2020,11360.85272,374.6844229,0.002689359
10/11/2020,11334.02674,372.7678334,0.002686737
10/12/2020,11666.2117,393.107199,0.002711693
10/13/2020,11443.73279,381.6256169,0.002642285
10/14/2020,11395.54737,376.4695237,0.002652303
10/15/2020,11504.54901,378.2395134,0.00260822
10/16/2020,11355.16044,367.1522803,0.002588681
10/17/2020,11358.70638,368.2368439,0.002566367
10/18/2020,11471.00255,376.5122025,0.00259521
10/19/2020,11776.593,379.6604737,0.002592504
10/20/2020,11936.36291,368.8607246,0.002596445
10/21/2020,13102.93446,398.0277214,0.002681365
10/22/2020,13140.66928,417.6331816,0.002679465
10/23/2020,12933.82357,408.242839,0.002659538
10/24/2020,13081.67256,411.2159945,0.00265516
10/25/2020,13008.45326,405.3954329,0.002682177
10/26/2020,13033.52427,391.4164093,0.00266544
10/27/2020,13721.28222,404.4218332,0.002695602
10/28/2020,13282.26035,388.1564436,0.002559989
10/29/2020,13467.73178,386.0911828,0.002585768
10/30/2020,13573.7105,383.6848623,0.002589384
10/31/2020,13891.21683,388.4387981,0.002604705
11/1/2020,13730.19731,395.9961822,0.002576017
11/2/2020,13633.69822,384.8347475,0.002503459
11/3/2020,13832.93841,386.4908987,0.002504999
11/4/2020,14163.97682,403.2778486,0.002553895
11/5/2020,15424.52768,416.5114824,0.002679285
11/6/2020,15540.59659,453.0308238,0.002710134
11/7/2020,14783.98168,435.8613368,0.00267609
11/8/2020,15500.33425,454.5517449,0.002689065
11/9/2020,15283.78014,443.6204255,0.002680546
11/10/2020,15374.04439,453.3189965,0.002845188
11/11/2020,15820.49524,466.5282281,0.002751242
11/12/2020,16253.31027,462.6719472,0.002776841
11/13/2020,16347.04492,477.3388766,0.002823588
11/14/2020,15991.83302,460.4664981,0.002765787
11/15/2020,15918.08013,445.8941418,0.002782346
11/16/2020,16752.00299,461.0623568,0.002879259
11/17/2020,17593.48641,480.9909845,0.002917505
11/18/2020,17834.63653,478.4043732,0.002940858
11/19/2020,17954.85801,473.573918,0.00290375
11/20/2020,18612.87067,507.6303417,0.003053383
11/21/2020,18591.8566,539.562594,0.003489688
11/22/2020,18629.99554,578.4629743,0.003432132
11/23/2020,18469.20047,609.1437149,0.003447619
11/24/2020,19045.73647,601.5316453,0.003939493
11/25/2020,18746.93481,567.7759673,0.003723722
11/26/2020,17187.40628,520.8333184,0.003259657
11/27/2020,17023.9614,515.5342237,0.003293397
11/28/2020,17814.78028,546.0136418,0.003430042
11/29/2020,18114.41435,567.6815131,0.003432281
11/30/2020,19382.36059,605.7631371,0.003569773
12/1/2020,18980.97745,593.6592575,0.003384658
12/2/2020,19184.89785,598.2636466,0.003375958
12/3/2020,19464.5317,615.4088785,0.003394774
12/4/2020,18813.12476,575.5926002,0.003322352
12/5/2020,19045.02027,592.4092013,0.003401305
12/6/2020,19113.9334,592.6159237,0.003386104
12/7/2020,19107.5998,589.663019,0.003319823
12/8/2020,18682.45783,563.4373127,0.003216196
12/9/2020,18543.00705,574.9030707,0.003212754
12/10/2020,18359.4766,564.3938575,0.003117204
12/11/2020,18137.31937,550.3806474,0.003092038
12/12/2020,18882.26017,573.0083479,0.003138921
12/13/2020,19060.2769,586.3212363,0.003289768
12/14/2020,19251.224,587.3035383,0.003236786
12/15/2020,19443.47635,588.2978961,0.003192254
12/16/2020,21310.65626,632.2912858,0.003327951
12/17/2020,22895.97624,645.0753045,0.003787331
12/18/2020,23008.77626,652.1960226,0.003845843
12/19/2020,23890.82265,663.552343,0.003986815
12/20/2020,23537.36989,635.5837929,0.004569055
12/21/2020,23177.271,617.2544032,0.004938028
12/22/2020,23433.98076,623.4432027,0.004545338
12/23/2020,23224.45414,584.5174191,0.003821539
12/24/2020,23623.88553,612.5741967,0.00456111
12/25/2020,24581.00617,621.6166903,0.004515578
12/26/2020,26381.29623,633.9198224,0.004479818
12/27/2020,26389.29026,681.279485,0.004531546
12/28/2020,26718.02946,726.1045863,0.00461037
12/29/2020,26975.72956,724.5759622,0.004421489
12/30/2020,28768.83621,746.0625173,0.004637148
12/31/2020,29111.52157,741.1184043,0.004740907
1/1/2021,29333.60512,730.0351684,0.005404803
1/2/2021,32154.16736,771.4757567,0.011426605
1/3/2021,33002.53643,976.8926808,0.010045668
1/4/2021,31431.61228,1017.862399,0.009630374
1/5/2021,34433.60651,1123.162841,0.009729501
1/6/2021,36275.75635,1193.57152,0.010356947
1/7/2021,39713.50786,1251.04921,0.009781281
1/8/2021,40519.4486,1208.579979,0.009748804
1/9/2021,40258.92399,1287.484144,0.01024942
1/10/2021,38709.76537,1281.997661,0.009974879
1/11/2021,34409.64238,1055.890925,0.008229174
1/12/2021,34214.61026,1064.201284,0.008113542
1/13/2021,37017.0075,1116.434087,0.008441892
1/14/2021,38435.86351,1177.344245,0.009170519
1/15/2021,36751.58497,1171.395883,0.009324165
1/16/2021,36016.77961,1227.087041,0.009229429
1/17/2021,36375.81138,1252.998158,0.009173034
1/18/2021,36346.6095,1238.645504,0.009134601
1/19/2021,36577.51965,1411.833939,0.009262187
1/20/2021,35004.53263,1332.642513,0.00897946
1/21/2021,30606.18268,1117.483678,0.008102872
1/22/2021,33368.36593,1250.715166,0.008607149
1/23/2021,32070.09743,1235.09164,0.008516098
1/24/2021,32285.72613,1368.895605,0.008726821
1/25/2021,32500.25596,1324.858487,0.008377609
1/26/2021,32324.55565,1350.736956,0.008194668
1/27/2021,30534.99937,1247.656556,0.007431583
1/28/2021,33408.21834,1354.960394,0.023535063
1/29/2021,34842.55739,1407.68179,0.051793246
1/30/2021,34622.37323,1385.498675,0.032304261
1/31/2021,33087.36986,1315.243745,0.037287471
2/1/2021,33613.32076,1357.04799,0.033748913
2/2/2021,35632.90195,1540.651288,0.031479188
2/3/2021,37397.42636,1644.685967,0.036195236
2/4/2021,37256.25211,1628.468008,0.05086891
2/5/2021,37851.59659,1704.8323,0.046972237
2/6/2021,40302.79979,1708.728299,0.05612247
2/7/2021,38461.6814,1584.681923,0.082605279
2/8/2021,44716.68547,1714.876044,0.079015509
2/9/2021,46674.85169,1762.268302,0.070701023
2/10/2021,45237.47569,1747.197727,0.074211361
2/11/2021,47500.89752,1781.584729,0.069910169
2/12/2021,47884.18286,1845.820149,0.070694369
2/13/2021,47005.19065,1811.268874,0.066336031
2/14/2021,49151.16758,1828.092656,0.058793294
2/15/2021,48125.9922,1787.122941,0.057273789
2/16/2021,48840.41447,1763.751671,0.053722913
2/17/2021,52165.30256,1835.991463,0.049781167
2/18/2021,51728.5088,1936.715286,0.061959558
2/19/2021,55719.20436,1958.73919,0.055149495
2/20/2021,54801.64864,1855.264841,0.052611777
2/21/2021,57128.64261,1913.800284,0.057195398
2/22/2021,54181.91465,1782.149591,0.053392719
2/23/2021,48172.87748,1546.622961,0.046826962
2/24/2021,48745.43298,1589.266801,0.056000947
2/25/2021,48291.41208,1524.180606,0.051986744
2/26/2021,45752.11492,1435.724418,0.05021467
2/27/2021,46642.60608,1495.812837,0.050143985
2/28/2021,45092.80657,1412.713189,0.048988324
3/1/2021,49248.91401,1555.84478,0.050478362
3/2/2021,47900.77688,1483.912043,0.050440939
3/3/2021,50811.85517,1593.878998,0.0508587
3/4/2021,48259.48708,1528.56831,0.050452734
3/5/2021,49149.73083,1543.568386,0.049776286
3/6/2021,48879.1519,1658.812318,0.051530616
3/7/2021,50594.69857,1681.991795,0.051695837
3/8/2021,51503.25813,1782.486859,0.059182489
3/9/2021,54458.03781,1834.665277,0.0581577
3/10/2021,56915.17394,1829.391324,0.056381275
3/11/2021,57636.75796,1822.231797,0.055651618
3/12/2021,57306.16626,1762.2336,0.055460938
3/13/2021,60743.04182,1905.946671,0.057937794
3/14/2021,60197.90199,1880.756114,0.059403402
3/15/2021,56300.33411,1789.844053,0.056553494
3/16/2021,56639.78395,1797.820265,0.058704996
3/17/2021,58567.28378,1815.7424,0.058147388
3/18/2021,57983.09474,1790.528729,0.057709956
3/19/2021,58451.73147,1819.555149,0.058850122
3/20/2021,58593.60245,1833.745117,0.060043609
3/21/2021,57796.46737,1798.889705,0.058235382
3/22/2021,54329.35863,1684.46157,0.055230675
3/23/2021,54794.29771,1677.399709,0.05411147
3/24/2021,52787.74553,1592.232371,0.052408659
3/25/2021,52173.86798,1598.256146,0.051739976
3/26/2021,54483.04573,1681.905539,0.053692251
3/27/2021,56234.35611,1722.471861,0.054746138
3/28/2021,55343.92582,1676.357087,0.053484146
3/29/2021,57627.67925,1809.068883,0.054096817
3/30/2021,58734.47543,1841.755764,0.054213746
3/31/2021,58724.66452,1913.851919,0.053554968
4/1/2021,58984.61293,1968.166713,0.059914044
4/2/2021,58821.62699,2096.590506,0.057423817
4/3/2021,57517.79877,2036.751897,0.056378477
4/4/2021,58177.40276,2067.514785,0.057309917
4/5/2021,58843.55954,2114.143939,0.05892342
4/6/2021,58040.1876,2117.595811,0.063059907
4/7/2021,56508.94286,2011.550426,0.060187325
4/8/2021,57880.90568,2069.660876,0.06117054
4/9/2021,58171.90902,2070.601411,0.061674556
4/10/2021,59295.95004,2118.705992,0.063571771
4/11/2021,59822.90168,2137.095867,0.075635361
4/12/2021,59853.19724,2144.420464,0.071577583
4/13/2021,63223.88439,2280.907863,0.092441463
4/14/2021,62926.55718,2427.805087,0.127577877
4/15/2021,63346.78904,2538.062578,0.172166148
4/16/2021,61965.7826,2438.429594,0.379519836
4/17/2021,60574.44473,2374.75581,0.305682456
4/18/2021,56850.83017,2249.008696,0.331811598
4/19/2021,56224.10159,2201.648351,0.416551143
4/20/2021,56608.76975,2329.177332,0.335396207
4/21/2021,54144.42748,2365.546647,0.307960278
4/22/2021,51965.05956,2424.220521,0.268338061
4/23/2021,50669.14438,2329.031483,0.239144436
4/24/2021,50733.7695,2271.378122,0.271423499
4/25/2021,48542.9522,2276.228019,0.247977716
4/26/2021,53558.70784,2515.309504,0.26637307
4/27/2021,55123.86198,2624.355719,0.271995915
4/28/2021,54591.51533,2726.152032,0.316329021
4/29/2021,53260.29534,2760.334956,0.307702085
4/30/2021,57302.64642,2751.871764,0.335147266
5/1/2021,57677.97522,2943.176051,0.385159665
5/2/2021,56427.04313,2941.142333,0.378402865
5/3/2021,57255.30684,3393.327381,0.4364163
5/4/2021,53658.84312,3266.445548,0.542510967
5/5/2021,57252.70218,3495.968343,0.641604502
5/6/2021,56583.84988,3541.930575,0.586173406
5/7/2021,57107.12067,3445.426739,0.722320477
5/8/2021,58788.20968,3882.80526,0.643680123
5/9/2021,58102.19143,3896.321886,0.585158958
5/10/2021,55715.54665,3998.913215,0.456113233
5/11/2021,56573.55547,4132.757546,0.502475785
5/12/2021,52147.82119,4076.959711,0.451993509
5/13/2021,49764.13208,3767.087985,0.430041934
5/14/2021,50032.69314,4100.02747,0.555003481
5/15/2021,47885.62525,3746.576248,0.510966061
5/16/2021,45604.61575,3519.105225,0.492425537
5/17/2021,43144.47129,3231.944177,0.482282755
5/18/2021,43196.04648,3415.949413,0.480503137
5/19/2021,39439.23764,2686.165861,0.368139504
5/20/2021,39756.08985,2744.523648,0.396053422
5/21/2021,36921.76781,2407.427623,0.357465767
5/22/2021,37490.94189,2329.034728,0.343566515
5/23/2021,34259.54842,2080.37142,0.309183822
5/24/2021,38085.78936,2539.997864,0.349012223
5/25/2021,38290.44853,2691.537214,0.3486085
5/26/2021,38915.00483,2821.622828,0.347286929
5/27/2021,38717.76922,2774.53663,0.33306692
5/28/2021,34898.00872,2372.968432,0.304776583
5/29/2021,34535.52247,2281.769724,0.298548615
5/30/2021,35749.65569,2407.608352,0.303624915
5/31/2021,36929.47674,2650.215354,0.32457412
6/1/2021,36419.7495,2594.718082,0.370663842
6/2/2021,37422.57146,2683.002837,0.417600205
6/3/2021,38958.49278,2839.536583,0.403212935
6/4/2021,37190.10135,2731.628338,0.383527596
6/5/2021,34981.38069,2574.865338,0.366769222
6/6/2021,35335.6792,2677.901428,0.368625071
6/7/2021,34016.56534,2610.541819,0.340057635
6/8/2021,33504.25661,2525.578484,0.330802336
6/9/2021,37127.18972,2603.325986,0.344400349
6/10/2021,36715.0471,2482.110474,0.327612065
6/11/2021,37341.58943,2363.022501,0.319914274
6/12/2021,35655.16445,2379.874975,0.312903424
6/13/2021,38894.55627,2520.376646,0.323448493
6/14/2021,40162.32007,2560.121377,0.325676255
6/15/2021,40173.19505,2557.900135,0.321917384
6/16/2021,38557.47921,2387.129076,0.309663584
6/17/2021,37722.02018,2342.91,0.304203787
6/18/2021,35520.45103,2208.325237,0.292749805
6/19/2021,35656.30474,2181.407845,0.288069754
6/20/2021,35681.13396,2258.093304,0.280498798
6/21/2021,31659.54173,1880.837193,0.182566784
6/22/2021,32404.33036,1877.254947,0.189036985
6/23/2021,33532.25785,1949.372725,0.235911234
6/24/2021,34718.47493,1980.722503,0.26246999
6/25/2021,31622.08932,1830.680012,0.23681266
6/26/2021,31739.29021,1783.232921,0.241428143
6/27/2021,34213.01274,1946.152666,0.252231335
6/28/2021,34365.18578,2096.791344,0.256938202
6/29/2021,35945.78686,2181.503815,0.263863838
6/30/2021,34855.64451,2257.306514,0.251818341
7/1/2021,33533.50191,2127.711598,0.246855847
7/2/2021,33526.85333,2116.950603,0.243435695
7/3/2021,34404.92706,2197.431796,0.244377939
7/4/2021,35601.86547,2366.401502,0.248881002
7/5/2021,34096.89428,2236.698011,0.234833562
7/6/2021,34047.54762,2313.509151,0.233075306
7/7/2021,34206.49453,2330.379929,0.22986248
7/8/2021,32579.66788,2097.326372,0.203562644
7/9/2021,33994.67699,2159.874303,0.220062776
7/10/2021,33543.70184,2113.726541,0.213090088
7/11/2021,34382.65069,2152.391605,0.216847051
7/12/2021,33032.37773,2035.077842,0.208342739
7/13/2021,32544.84491,1935.584656,0.199194194
7/14/2021,33003.81292,2008.573433,0.199145889
7/15/2021,31783.17135,1925.290126,0.186358328
7/16/2021,31596.29438,1882.45777,0.174019733
7/17/2021,31640.91813,1901.722922,0.187266297
7/18/2021,31537.80519,1890.67493,0.182076074
7/19/2021,30940.28728,1829.125057,0.175495441
7/20/2021,29608.59725,1776.87901,0.169323046
7/21/2021,32014.43603,1968.473899,0.190550374
7/22/2021,32203.36564,2005.726461,0.190271541
7/23/2021,33117.75146,2079.950552,0.192074586
7/24/2021,34014.61836,2167.821498,0.195292019
7/25/2021,34574.67066,2161.052224,0.19532706
7/26/2021,37114.29662,2225.740338,0.204601755
7/27/2021,38963.92286,2300.611383,0.205013092
7/28/2021,39917.44937,2303.377934,0.20558886
7/29/2021,39810.51797,2332.169274,0.20340059
7/30/2021,41157.15483,2435.498682,0.206824467
7/31/2021,41869.55251,2536.697075,0.20921429
8/1/2021,40263.34476,2599.328148,0.207532701
8/2/2021,39412.71647,2623.907049,0.204465539
8/3/2021,38368.17401,2518.491323,0.196965044
8/4/2021,39831.04391,2746.474842,0.201702294
8/5/2021,40902.47558,2821.689932,0.200778879
8/6/2021,42608.54498,2886.559482,0.205399593
